"id","name"
"1",""
"4",""
"5",""
"7",""
"73","Một Mười Tám Xã"
"64","Hội Tụ Điểm Động Họa"
"10","Tối Mộng"
"11","Xưởng Sao"
"56","Samifu"
"8","Y Yileduo F"
"128","Lão Hè là một thần đồng."
"82",""
"85",""
"6","Cổ La"
"87",""
"20","Văn hóa Kỳ Đồng"
"2","Lông Than"
"137","Lạc Tưởng Động Họa"
"123",""
"22","Linh Cơ Ức Động"
"79","Ngọ Hậu Động Họa"
"95","Bạch Thần Quang"
"98",""
"83","Câu Lạc Bộ Paba"
"149","Kê Canh"
"61",""
"62",""
"60","Hôm nay vẽ gì"
"19","Lục Luân"
"101",""
"104",""
"133","Ta tên là Nửa Đêm."
"154",""
"146",""
"67","Trần Tả Y"
"158","Quýt Rất Cam"
"145","Nguyên Sáng Văn Hóa"
"28","Miao Miao Động Họa"
"9","Phi Nhân Tại"
"58","23! 23! 23333!"
"125","Đang"
"57","Hoả Long Quả Động Họa"
"3","Văn hóa Cam"
"68","Bộ Mạn Văn Hóa"
"70","Bạo Thanh Động Họa"
"71","Đại Sư Lông Chân"
"76","Ngũ Thập Huyền"
"78","Khôi Tử"
"81","Diệp Việt Văn hóa"
"86","Anh Chi Diệu"
"141","BEASTBOX"
"100","Kjorelo"
"102","Giang Vũ Phong"
"105","Thời Đại Ngà"
"106","Sáng Dịch Động Họa"
"126","Suizi"
"127","TUTU"
"99","Nhị Hồ Tàng Kiếm"
"124","Vũ trụ Túi"
"129","Manmei Pictures"
"134","Xưởng Latte"
"135","Tiêu Hàng"
"139","Nguyệt Mạn Xã"
"142","Minh họa và Văn học mạng"
"151","COMI Kemi Mi"
"152","Tập Thẻ Xã"
"155","Thất Dạ"
"156","Hồng Trung Diệu Tài"
"147","Đông Mạn Xã"
"175",""
"182",""
"148","Hội Họa Cảnh"
"191",""
"233","Mặc Tiểu Lợi"
"203",""
"204",""
"205",""
"207",""
"211",""
"213",""
"215",""
"216",""
"185",""
"222",""
"208","Vân Hỉ Cung"
"230",""
"227","Trương Hắc Nữ"
"54","Tam Muội Động Họa"
"72","Duyên Mạn Động Họa - Duyên Nương"
"314","Hồ Tinh"
"206","Bánh trung thu"
"84","Văn Phòng Hồng Mai"
"274","Mười Hai Giờ"
"282","Mộng Nguyệt Văn hóa"
"138","Sản xuất bởi Mantang"
"120","Duyệt Động Văn Hóa"
"88","Tinh Tinh Số Khoa"
"270","Xích Thố Dịch"
"289","Vương Dạng - Dư Tử"
"103","Phiên Phiên Động Họa"
"130","Cửu Xuyên Động Họa"
"332","Kinh Kiến"
"136","Nhân Gia Khả"
"194","Tán Sao"
"144","Lưu Lý Lưu Khí"
"153","Phong Kỳ Động Họa"
"340","Miêu Thỏ"
"160","Xưởng Một Túi Mèo Con"
"159","Á Kê Văn Hóa"
"161","Để tôi xem thử"
"59","Họa Tinh Động Họa"
"164","Sơn Hải Chúc Dung"
"163","Tiểu Tiên Sư Xù Lông"
"352","monkiko"
"220","Mèo Cầu Vồng"
"80","Bắc Gấu"
"200","Du Sinh"
"249","Văn hóa số Hoa Dụ"
"195","Mạn Du Du"
"192","Manchao Xã"
"197","Đô La La"
"187","Thần Mạn Quân"
"189","Mạn Công Xưởng"
"224","Khởi Nguyên Động Họa"
"199","Nghệ Hoạ Khai Thiên"
"212","Trương Duệ"
"107","Tinh Không Xã"
"214","Đường Bất Tỉnh"
"193","Dịch Thủy"
"218","Khối Băng Nhàm Chán của Truyện Tranh"
"225","Tư Nam"
"184","Nấm Thơm"
"179","Aha Giải Trí"
"210","Thất Sáng Xã"
"229","Tam Muội Động Họa"
"188","Sử Tử"
"63","Cửu Xuyên Động Họa"
"69","Ái Đậu Miêu Động Họa"
"176","Mặc Tiểu Ngư"
"180","Truyện tranh mới"
"382","Phù Hiểu Liên Minh"
"405","Tân Nhuệ Nhất Hào"
"201","Xưởng Zha Ya"
"384","Lân Lang Động Họa Xưởng"
"181","An Huy Vi Mạn"
"368","Hành Tinh Bubu"
"196","Bách Mạn Văn Hóa"
"379","xưởng gk"
"391","Mạn Du Du"
"209","Sở Dĩ Văn Hóa"
"217","Juxiang Comics"
"219","Tiểu Thuyết Nhẹ SF"
"232","Lục Tương / Quan Hải Chi Ngư"
"397","Quang Tử Sáng Tưởng"
"380","Lâm Than Than"
"388","Xương cá"
"178","Huyễn Sáng Vị Lai"
"360","Kate Động Họa"
"392","Văn hóa Nhiệt Mộng"
"190","Vương Thủ Đan DAI"
"12","Xưởng Jiman"
