"id","title","description","cover_image"
"60","Tổng thống Hormone","Một chàng trai không một xu dám một mình đột nhập vào tập đoàn tài chính danh tiếng nhất thế giới để lừa lấy khoản đầu tư khổng lồ. Nhà đầu tư cao cấp tiếp đón anh ta không chỉ bị anh ta chơi khăm qua nhiều vòng đấu trí mà còn phải lòng anh ta một cách không thể cứu vãn. Thiên tài tài chính thao túng thị trường sao có thể bị một cậu bé đánh bại? Trong vòng vây của những lớp lớp dối trá, tình yêu âm thầm dâng trào...","qq-comics/thumbnails/656052.jpg"
"103","Hệ Thống Hèn Mọn, Quỳ Lạy Tôi Vô Địch","Người khác xuyên không, gắn hệ thống làm trâu làm ngựa? Vương Dạng xuyên không, hệ thống pua làm trâu làm ngựa cho anh ta! Chỉ cần nằm yên, muốn gì hệ thống tặng luôn. Công pháp thần cấp, tu vi vô địch, mỹ nhân xinh đẹp, có đủ cả! Xuyên không là phải sướng thế này!","qq-comics/thumbnails/655910.jpg"
"40","Sa Nô","Công chúa Tây Vực bị kẻ xâm lược làm nhơ bẩn rồi sinh ra hoàng tử. Bà chết khi cứu con trong lúc chạy trốn, để lại lời thề báo thù. Hoàng tử lưu lạc biên ải thành kẻ ăn xin, sau đó gia nhập đội nô lệ, kết bạn với thanh niên tóc dài và nảy sinh tình cảm. Hoàng tử để báo thù cho mẹ và diệt quốc, thu phục lòng người, quan sát tình hình, trở thành nô lệ lao công, định ám sát vua trong yến tiệc hoàng gia.","qq-comics/thumbnails/656422.jpg"
"48","Siêu Chiến Thần Nâng Cấp Cuồng","Cậu bé bạo lực Lôi Diễm Mã đang rảnh rỗi, bỗng phát hiện có thể chứng minh bản thân bằng cách tham gia giải đấu võ thuật. Vì vậy, cậu kết hợp với Lý Nô Hắc Văn và tìm mọi cách để có được tư cách tham dự. Lôi Diễm Mã cuối cùng cũng đặt chân lên đất Hồng Kông qua một con đường vô cùng quanh co. Nhưng điều bất ngờ là phía sau còn có một âm mưu đen tối.","qq-comics/thumbnails/656959.jpg"
"53","Vô Địch Từ Đầu","Một cậu bé 14 tuổi, vì căn nguyên linh khí quá yếu không thể khai linh nên bị giáng chức, nhưng cậu chưa bao giờ từ bỏ. Cho đến khi cậu gặp được một dị duyên tại Bia Thần Khởi trên lục địa, từ đó bắt đầu con đường tu luyện hoàn toàn khác biệt với người khác, trở lại thế giới tinh anh và từng bước vươn lên ngai vàng.","qq-comics/thumbnails/656954.jpg"
"95","Vô Địch Bắt Đầu Từ Cái Tay Gãy","Người thức tỉnh yếu nhất, Chu Minh Hiên, bị quái thú khổng lồ nuốt chửng. Khi tính mạng lâm nguy, anh bất ngờ thừa kế một hệ thống, từ đó bước lên con đường ngày càng mạnh mẽ để thăng cấp thần thang.
Nhưng người thức tỉnh rốt cuộc được hình thành thế nào? Hệ thống đến từ đâu? Dưới vẻ ngoài bình yên là những dòng chảy ngầm dữ dội. Cuộc biến đổi đẫm máu lớn của thế giới sắp bắt đầu.","qq-comics/thumbnails/656089.jpg"
"65","Phục Hồi Năng Lượng Nhanh","Diệp Vũ, cậu bé yếu ớt yêu bóng rổ, đã khai phá tiềm năng cơ thể sau khi uống một loại đồ uống bí ẩn. Từ một người vô danh, cậu vươn lên trở thành thiên tài bóng rổ có thể đối đầu với những vận động viên được cải tạo công nghệ. Cùng đồng đội sát cánh chiến đấu, dùng nhiệt huyết và niềm tin bảo vệ sự thuần khiết của thể thao, bắt đầu hành trình bùng cháy khắp sân đấu! Ý chí làm lưỡi kiếm, hồi năng lượng thức tỉnh—đây không chỉ là bóng rổ, mà là cuộc đối đầu trực diện giữa cậu bé và định mệnh.","qq-comics/thumbnails/656728.jpg"
"36","Minh Song Yến","Mỹ nhân ngự y Hứa Minh Song vì cùng lúc theo đuổi một người với Hà Gian Vương Lý Tiếu Gian mà quen biết, hai người vì mối quan hệ tình địch mà đối đầu nhau kịch liệt. Hứa Minh Song kinh ngạc phát hiện Lý Tiếu Gian lại bị trúng trùng chú, sau đó do một tai nạn giả trang thành nữ nhân, vô tình bị ép phải gả cho tình địch Lý Tiếu Gian, trở thành Vương phi Hà Gian.","qq-comics/thumbnails/656864.jpg"
"42","Ta Muốn Phong Thiên","Câu chuyện tu tiên kinh điển: Nếu ta muốn có trời, trời không thể thiếu ta; nếu ta muốn không có trời, trời không được tồn tại! Đây là câu chuyện bắt đầu giữa Núi Thứ Tám và Núi Thứ Chín — một thế giới nơi 'mệnh ta như yêu, muốn phong thiên!' Đây là tiểu thuyết dài thứ ba của Nhĩ Căn sau ""Tiên Nghịch"" và ""Cầu Ma"" — ""Ta Muốn Phong Thiên""...","qq-comics/thumbnails/657044.jpg"
"94","Tôi Mở Tiệm Đen Ở Thế Giới Quái Dị","Lỗ Ngoại Sơn, người sở hữu hệ thống trồng trọt xuyên không đến thời loạn lạc, vô tình bước vào một nơi bên ngoài là quán trọ cũ kỹ nhưng thực chất là một trong Mười Đại Quái Dị Tuyệt Cảnh: Quán Trọ Bỏ Hoang Vua Ma. Anh còn trở thành chồng của linh hồn quán trọ, Tô Tú Cẩm.
Kể từ đó, anh biết được thế giới này tồn tại một trong Mười Đại Quái Dị Tuyệt Cảnh. Dù là để tự bảo vệ hay vì vợ, với tư cách là chồng, anh phải dựa vào hệ thống trồng trọt để giúp vợ và chống lại chín tuyệt cảnh còn lại.","qq-comics/thumbnails/656190.jpg"
"111","Vương Ca Tái Sinh: Trai Mạnh và Gái Ngọt","Vương Ca, ông hoàng xã hội chơi cả hai phe, xuyên không thành cô gái mềm mại, dễ thương 24 tuổi Lạc Vân Vân. Sau đó dùng kinh nghiệm làm đại ca xã hội, tư duy quản lý và kỹ thuật tẩy não của mình để vả mặt gia đình độc ác, xây dựng đế chế kinh doanh riêng, thuận lợi bước lên con đường ""nữ đế.""","qq-comics/thumbnails/655708.jpg"
"83","Cô Ấy Sẽ Thuần Hóa Anh Hùng","""Công Chúa Máu Lạnh"" Martina kiếp trước bị kết án lưu đày, và ""con gái"" của cô cũng chết vì ngộ độc. Cô đã dốc hết mọi thứ để có cơ hội tái sinh.
Kiếp này, để bảo vệ con gái thật tốt, Martina phải thuần hóa các anh hùng và nhận được nụ hôn trung thành của họ!
Nhưng các anh hùng luôn thương hại hỏi: ""Thưa công chúa, tôi có cơ hội trở thành cha của đứa trẻ không?""","qq-comics/thumbnails/656516.jpg"
"58","Sổ Tay Thuật Sư","Năm 1668, thành phố tôi sống được đánh giá là khu vực an ninh tốt nhất cả nước.
Tôi đã góp phần không thể phai mờ vào điều này.
Bởi vì tôi đã bị bắt.","qq-comics/thumbnails/656182.jpg"
"8","Con Đường Trường Sinh Mô Phỏng Của Tôi","Con đường Tiên đạo thật khó khăn biết bao!
Nhất là trong thế giới tu tiên bị một trận dịch bệnh hoàn toàn thay đổi này! Phàm nhân mang bệnh, tiên nhân một khi tiếp xúc, nhẹ thì tu vi giảm sút, nặng thì trở về trời, khiến tiên phàm vĩnh viễn cách biệt. Ta xuyên không đến đây, đầy tham vọng, nhưng chỉ có thể lăn lộn trong trần thế, lãng phí cả đời.
May mà lúc lâm chung cuối cùng đã tỉnh ngộ được bảo vật dị dị, có thể biến thật thành giả, biến cuộc đời thật thành giấc mộng hư ảo, trở về lúc mới xuyên không!
Vậy là, ta bắt đầu con đường trường sinh dài đằng đẵng!","qq-comics/thumbnails/656766.jpg"
"181","Hướng Dẫn Quyến Rũ Bắt Buộc","""Tiên tình yêu? Robot từ tương lai? Hẹn hò với đàn ông!"" ""Tuyệt đối không!"" Cô tiểu thư kiêu ngạo và tsundere Hạ Hâm, vốn sống khép kín và mắc chứng sợ đàn ông, bị một robot tình yêu đẹp trai từ tương lai xuyên không ép buộc liên kết. Vì hình phạt quá kỳ quái, không thể phản kháng, cô chỉ còn cách theo hướng dẫn quyến rũ để bắt đầu một hành trình tán tỉnh đầy xấu hổ...","qq-comics/thumbnails/625319.jpg"
"98","Nữ Hoàng Rối","Nữ hoàng rối có gì xấu chứ? Không phải lo toan mà còn có đồ ăn ngon và y phục lộng lẫy. Gì cơ? Người điều khiển yêu quý của ta bị ám sát?? Ai dám động đến ta!","qq-comics/thumbnails/656010.jpg"
"54","Tiểu Ớt Ngọt Ngào Của Tổng Tài Bá Đạo","Nữ chính Giản Tiểu Ninh, cha mẹ cô vì mắc nợ cờ bạc khổng lồ đã nhảy lầu tự tử. Cô đang chìm đắm trong nỗi đau buồn, còn Nam Cung Dự chính là kẻ thù của cô. Dù lúc nào, anh ta cũng chưa từng học được cách dịu dàng.
Cô bắt đầu cuộc sống như nô lệ, bất lực chịu đựng sự ngược đãi của anh ta.","qq-comics/thumbnails/656950.jpg"
"149","Ông Chủ","Yêu một người có thể thuần khiết và quên mình đến mức nào, kẻ toan tính sẽ chẳng bao giờ hiểu—hoặc có thể tấn công chiếm đất, toan tính lừa dối, đều vì tôi yêu bạn nhiều hơn.","qq-comics/thumbnails/642094.jpg"
"112","Chiến Thú Ảo Linh","Lin Feng 12 tuổi tình cờ bị truyền chuyển đến ""Thế Giới Ảo Linh"" trên sân bóng rổ của trường, một thế giới song song bí ẩn với Trái Đất. Cậu được Thanh Long chọn để chống lại tổ chức Thần Điện Bóng Tối đe dọa hòa bình. Lin Feng và Thanh Long vượt thời không, tập hợp sức mạnh của bốn Chiến Thú Ảo Linh lớn, đối mặt với các cuộc tấn công từ những ảo linh phản diện khác, trải qua thử thách về tình bạn và niềm tin. Cuối cùng, Lin Feng hé lộ bí mật của Thế Giới Ảo Linh và dũng cảm đối đầu với Hắc Long Nidhogg, bảo vệ Thế Giới Ảo Linh.","qq-comics/thumbnails/655577.jpg"
"132","Phi Nhân Tại","Nghe nói sau khi thành lập quốc gia, yêu quái không thể thành tinh! Vậy hãy cùng xem yêu quái trong năm nghìn năm qua đã thích nghi với xã hội hiện đại như thế nào nhé! Cốt truyện đầy sáng tạo và hấp dẫn, cuộc sống thường ngày không bình thường, mỗi tập là một câu chuyện châm biếm, diễn giải khác lạ về Sơn Hải Kinh. Bộ truyện tranh mạng siêu hot này không phải nói chơi đâu! [Được ủy quyền]","qq-comics/thumbnails/545320.jpg"
"49","Khách Trọ Khó Ở, Chủ Nhà Bệnh Hoạn","Cô gái Vina nhập học trường Trung học Huaxia danh tiếng với tư cách học sinh đóng học phí. Trong tuần đầu tiên ở trường, để được mọi người công nhận, Vina quyết tâm chứng minh bản thân bằng tài năng riêng. Cô chuẩn bị thành lập câu lạc bộ trong tháng câu lạc bộ, và sau một thời gian nỗ lực, Vina đã thành công cùng với Thẩm Tinh, La Lăng và Lili thành lập câu lạc bộ COS Huaxia.","qq-comics/thumbnails/656958.jpg"
"50","Quỹ Đạo Đảo Ngược Khác Biệt","Anh trai duy nhất của Hạ Liên Ca, người học tại Văn Phòng Hồng Mai, đã mất tích không dấu vết sau một vụ việc gây chấn động về học sinh liên tiếp biến mất cách đây hai năm. Với quyết tâm tìm kiếm anh trai, Hạ Diễm Nhiên đã thi đỗ vào học viện quý tộc lớn nhất thế giới này, tọa lạc tại Tân Anh Lân. Học viện này thực hiện hệ thống quản lý theo giai cấp, và sự phân cấp này được dùng để phân loại một số học sinh đặc biệt chưa được biết đến trong trường — những người được gọi là người có năng lực ESP.","qq-comics/thumbnails/656957.jpg"
"96","Ngay cả kẻ gian lận cũng là người yếu nhất trong môn phái?!","Tất cả các sư huynh đệ của tôi đều là đại năng chuyển thế, chỉ có tôi là người bình thường ở một thành phố tuyến ba bên cạnh, bị sư phụ lừa gạt đưa về làm bảo mẫu. May mà môn phái này có quá nhiều buff, tôi cũng khá may mắn khi thức tỉnh Hệ Thống Bản Đồ Cảm Tình — thu thập bản đồ đại năng, nhận điểm cảm tình, sử dụng năng lực của đại năng, sướng phát điên!","qq-comics/thumbnails/656011.jpg"
"190","Yêu Một Ngôi Nhà Toàn Ma Cà Rồng","[Cập nhật mỗi thứ Bảy] Ba nghìn năm trước, ma cà rồng bị đuổi giết sạch bởi những người trừ tà, ba đứa trẻ ma cà rồng cuối cùng bị phong ấn trong quan tài băng. Một nghìn năm sau, những đứa trẻ ma cà rồng tỉnh dậy và tìm thấy nhau. Trong trận chiến với người trừ tà, họ phát hiện ra một bí mật và cải tạo một cậu bé. Bốn người ra mắt với tên ONER, trở thành nhóm nhạc nam duy nhất trên thế giới gồm toàn ma cà rồng.","qq-comics/thumbnails/634960.jpg"
"5","Chim trong Lồng","[Sát Thủ Hạng S Đỉnh Cao Mê Mẩn Chó X Hướng Dẫn Viên Mỹ Nam Năm] Kỳ Tu Hiên, người không thể thích nghi với bất kỳ hướng dẫn viên nào, đã ngất xỉu bên lề đường do rối loạn tinh thần sau trận chiến trong phụ bản, được Bạch Vũ Sinh phát hiện khi đang trên đường về nhà sau giờ làm. Bạch Vũ Sinh vốn định bỏ đi, cuối cùng vẫn cởi găng tay để giúp Kỳ Tu Hiên giải tỏa. Kỳ Tu Hiên, người chưa từng được giải tỏa, vì lần đầu tiên bị kích thích quá mức nên tỉnh lại từ trạng thái ngất... [Cập nhật mỗi thứ Bảy]","https://manhua.acimg.cn/vertical/0/13_15_40_005a368aa59fa435e2fb7bfe8e090543_1763019605097.jpg/420"
"13","Trên Đại Đạo","Trần Thực là hậu duệ của đội thuyền Trịnh Hòa, bẩm sinh có thai thần nhưng bị chiếm đoạt, chỉ dựa vào ông nội Trần Dận. Anh giấu tay ma quái, ký ức rời rạc, bắt đầu con đường tu luyện để tìm kiếm sự thật. Âm phủ biến động, ma quỷ hỗn chiến, anh bị cuốn vào tranh chấp giữa các thế gia, môn phái và triều đình, giữ vững tấm lòng nguyên thủy. Cuối cùng, anh vạch trần bí mật thế giới và bí ẩn thân thế, đối đầu với nguy cơ diệt vong, tạo nên huyền thoại.","qq-comics/thumbnails/656852.jpg"
"85","Tạm Dừng","Do biến cố gia đình, học sinh trung học Gu Sui buộc phải chuyển đến thị trấn nhỏ. Ở đó, cậu tình cờ gặp Ruan Shuer, người sống trong cảnh nghèo khó nhưng kiên cường. Một người mang theo quá khứ nhưng vẫn lạc quan; một người trầm lặng chịu đựng, một mình gánh vác gia đình. Thế giới của họ dần giao thoa, trở thành sự hiện diện độc đáo nhất trong tuổi trẻ của nhau.","qq-comics/thumbnails/656467.jpg"
"76","Nữ hiệp, xin dừng lại!","Tề Đại Hữu tưởng rằng cuộc sống đại học sẽ bình thường và không có gì đặc biệt, nhưng lại gặp phải những trải nghiệm kỳ lạ này. Diệp Chúc Chúc, cô gái ngang ngược xé truyện tranh rồi bước ra ngoài, ngay lập tức dùng một thanh kiếm áp vào cổ anh. Vì vậy, để có thể đưa Diệp Chúc Chúc trở lại truyện tranh, họ bắt đầu hợp tác tìm kiếm tung tích của truyện, và không ngờ giữa họ lại nảy sinh một tình cảm kỳ diệu.","qq-comics/thumbnails/656619.jpg"
"55","Bảng Thần Tối","Một đạo cô từng tham gia chiến tranh phế Chu phong thần, chiến công hiển hách nhưng không có duyên phong thần, chán nản nằm yên sống qua ngày, nhưng luôn có những phản diện không biết điều đến quấy rối cô.","qq-comics/thumbnails/656980.jpg"
"168","Thế Giới AOTU","Nào các chiến binh, hãy thi đấu và chiến đấu tại đây! Dùng lòng dũng cảm và trí tuệ của các bạn để làm hài lòng các vị thần và giành chiến thắng mọi thứ! Đây chính là 'Đại Hội AOTU'!

Truyện tranh gốc AOTU World, cùng tên với bộ anime đang phát sóng.","qq-comics/thumbnails/553882.jpg"
"41","Trở thành Thần trong Nhị phân","Năm 2035, trong thời đại hiện đại với AI phát triển cao, tỷ lệ thất nghiệp lên tới 40%.
Từ đó, một trò chơi ảo mang tên ""GOLDGAME"" ra đời dành cho tầng lớp thượng lưu giải trí. Bằng cách đánh cược mạng sống, chỉ cần thắng trò chơi là có thể nhận được khối tài sản khổng lồ, đảo ngược cuộc đời.
Chen Mo, một nhà nghiên cứu AI thất nghiệp, nhiều lần sống sót trong trò chơi tử thần này để tìm lại em gái mất tích và biến thành thần.","qq-comics/thumbnails/657058.jpg"
"147","Đạo Mộ Bút Ký Khởi Động Lại","Người ẩn cư Vô Hiệp nhận được một tin nhắn từ Tam Thúc. Theo manh mối của Tam Thúc, anh tìm thấy một ngôi mộ cổ có thể liên quan đến quá khứ của Tam Thúc, đó là ngôi mộ huyền thoại Vương Mộ Nam Hải. Vì vậy, chuyến phiêu lưu của Bộ Ba Sắt lại bắt đầu... [Cập nhật mỗi thứ Năm]","qq-comics/thumbnails/631452.jpg"
"113","Xanh Xoài LYT","Một hoàng tử trẻ say mê môn cúc cầu, vô tình xuyên không đến thời hiện đại, dựa vào tài năng cúc cầu xuất sắc dẫn dắt đội bóng đá trung học sắp giải tán tạo nên kỳ tích!","qq-comics/thumbnails/655631.jpg"
"115","Mối Ràng Buộc Của Quái Vật Tội Lỗi 2","Nhà văn trinh thám Tu sửa vì tìm tư liệu viết truyện, tự mình tham gia điều tra vụ án nghi vấn, nhưng phát hiện hiện trường án mạng và sự thật lại y hệt như trong tiểu thuyết của anh! Người đang thao túng phía sau lại ẩn nấp ngay bên cạnh anh... Tội ác khiến tình yêu mọc nanh vuốt, mối quan hệ tam giác rối rắm bắt đầu mở ra, anh nên tin ai? Và có thể tin ai?","qq-comics/thumbnails/655517.jpg"
"73","Anh ấy là trai thẳng mà!","Cặp đôi bi kịch khi tự mình uốn cong bản thân nhưng lại phát hiện đối phương là trai thẳng. Mọi người đều nghĩ mình là cái bóng lớn của đối phương.","qq-comics/thumbnails/656639.jpg"
"2","Tiến Hóa Vô Tận Từ Con Số Không","Dùng hết rồi thải trừ, phá vỡ giới hạn. Thiên Nhân Huệ Căn, đỉnh cao học bá. Đa dạng hình thái, vượt qua tiến hóa. Tái sinh trở lại, bắt đầu từ con số không, tiến hóa vô hạn.","qq-comics/thumbnails/656767.jpg"
"160","Nữ Thần Chiến Đấu Của Tôi","Đây là thời đại quái vật hoành hành, con người chỉ có thể sống trong những thành phố pháo đài khổng lồ. Cậu bé Ike vốn là một thanh niên bình thường mơ ước được sống trong nội thành, nhưng cuộc sống và số phận của cậu đã thay đổi sau khi cứu một cô gái kỳ lạ bán khỏa thân.","qq-comics/thumbnails/623015.jpg"
"187","Cứu thế giới cần rất nhiều sự dễ thương","Ở vực thẳm tận cùng thế giới song song ngoài Trái Đất, có mười hai ấn chú ma tiên phong bế, phong ấn những ác ma từ thời cổ đại để lại. Mỗi ấn chú đều có một tiểu ma tiên dễ thương canh giữ. Một ngày nọ, ma tiên bị trọng thương, vương phủ nổi loạn. Vương phủ giả truyền mật lệnh của nữ vương, triệu tập mười hai ma tiên đến, thực chất là bày mưu giết họ. Ma pháp yếu nhất là Lạc Tiên vì chứng trì hoãn nghiêm trọng đến muộn, may mắn thoát nạn. Để cứu bạn bè, Lạc Tiên mở một chút ấn chú mượn sức mạnh của ác ma...","qq-comics/thumbnails/650993.jpg"
"110","Liêu Trai","Nhân vật trong ""Liêu Trai"" xuyên không đến cuộc sống hiện đại trong một bộ phim hài tình huống hàng ngày đầy tiếng cười.","qq-comics/thumbnails/655718.jpg"
"156","Diêm Vương Không Vui","Gì cơ! Diêm Vương mới lại là một cô bé? Mà còn cực kỳ sợ ma? Được rồi được rồi, vậy thì quẳng cô ấy xuống trần gian để rèn luyện đi. Thế giới rộng lớn, đúng sai nhiều vô kể, Diêm Vương nhân gian nếu không dùng hết sức mạnh huyền nguyên thì làm sao chống đỡ nổi! Hãy xem cô Diêm Vương nhỏ bé sẽ đánh quái lên cấp thế nào, tìm kiếm ý nghĩa của sự sống nơi cuối con đường! [Đã cấp phép/Hoàn thành]","qq-comics/thumbnails/552896.jpg"
"21","Mèo Đến","Trong một thế giới ma thuật hiện đại, một người du hành bí ẩn xuyên không, khám phá sự thật lịch sử và tìm kiếm con đường cứu rỗi trên chiến trường nơi công nghệ hiện đại và phép thuật cổ xưa đan xen.","qq-comics/thumbnails/657065.jpg"
"92","Chiến Thần Long Tử","Truyền thuyết bí ẩn nhất của Long Quốc, người đàn ông mạnh nhất, chủ nhân Long Thần Điện được tôn xưng là ""Diệp Thần"" Diệp Phong, sau năm năm trở lại Giang Thành. Đấu quyền quý, báo thù gia tộc, bảo vệ vợ. Một cơn giận làm mây đổi sắc, một chiêu đảo lộn sông biển. Long Thần bá chủ, tái chiến giang hồ!","qq-comics/thumbnails/656251.jpg"
"10","Thế Giới Thần Quỷ, Tôi Có Cảm Thức Đặc Biệt","Một giấc tỉnh dậy, Kỳ Thiếu đến một thế giới thần quỷ nơi núi tiên sụp đổ, đền miếu hoang phế, yêu quái lột da, thần hoang ăn tủy. Đồng thời nhận được khả năng tích lũy cảm thức như tiền, cảm thức tích càng nhiều, những điều ngộ ra càng thần kỳ. Kỳ Thiếu cũng bị ép vào những sự kiện quái dị, trước là Bồ Tát Xương Trắng miệng thốt hoa sen “thanh tẩy” vạn vật, sau là Lão Quân luyện tâm luyện đan, nhưng đằng sau yêu ma ngang dọc lại ẩn chứa lòng người đáng sợ.","qq-comics/thumbnails/656863.jpg"
"172","Thông Báo Công Khai","Ca sĩ gốc nổi tiếng Shen Mo bị xã hội và truyền thông chỉ trích sau khi sự việc đồng tính của anh bị phơi bày. Không còn lối thoát, anh buộc phải lấy bí danh Shen Xiaoxiao và giả gái để tái xuất. Ngôi sao từng kiêu hãnh và tự mãn giờ phải chịu đựng nhục nhã để bắt đầu lại. Tương lai anh sẽ đi về đâu...?","qq-comics/thumbnails/623251.jpg"
"126","Test Comic 2 VI","Test description VI",""
"127","New Test Comic VI","Test description VI",""
"7","Tôi Gặp Tuyết Vào Mùa Hạ Rực Rỡ","Ba năm trước, Diệp Đường, sinh ra trong khu ổ chuột nhưng mơ trở thành luật sư để thay đổi số phận nghèo khó, đã yêu Mạnh Dật Hưng, thiếu gia xã hội đen đeo mặt nạ tiếp cận mình. Cô bị anh ta lợi dụng, rơi xuống đáy vực cuộc đời.
Ba năm sau, Diệp Đường giả mạo lý lịch, mượn danh người khác trở thành luật sư và tái ngộ Mạnh Dật Hưng. Biết rõ quá khứ cô, Mạnh Dật Hưng dùng để uy hiếp, nối lại duyên cũ. Lần này, Diệp Đường quyết định lợi dụng lại Mạnh Dật Hưng.
Hai kẻ lừa đảo lừa nhau đến trắng tay, rồi lại dùng và kéo nhau đến có tất cả.","images/qq-comics/656693.jpg"
"128","Batch Test 1 VI","Test",""
"129","Batch Test 2 VI","Test",""
"130","Batch Test 3 VI","Test",""
"131","Batch Test 4 VI","Test",""
"90","Thần Cấp Ngự Vật: Nữ Thần Hợp Đồng Vô Hạn Của Tôi","Thức tỉnh thiên phú ngự vật cấp SSS, cầm thanh thánh kiếm vô địch, mặc giáp thần cấp, cưỡi xe máy cực ngầu, Lâm Phóng: Tất cả trang bị này đều do nữ thần biến ra! Dị thú xâm lược, tận thế đến? Vợ ơi, cùng anh lên đỉnh vương tọa nào!","qq-comics/thumbnails/656267.jpg"
"29","Tiên tử, xin hãy nghe tôi giải thích.","Hứa Nguyên vô tình xuyên không vào trò chơi ""Thương Nguyên"", lại còn trở thành con trai thứ ba của đại phản diện cuối cùng?! Hơn nữa còn bị Nhiếp Thanh Mặc, nữ đệ tử của chưởng môn kiếm tông truy sát! Đối mặt với sự truy đuổi của nhân vật yêu thích nhất, Hứa Nguyên phải viết lại số phận phản diện! Tiên tử! Xin hãy nghe tôi giải thích!","qq-comics/thumbnails/656998.jpg"
"32","Nam thần, hình tượng của anh sụp đổ rồi!","Tái sinh về thời đại đại học. Chu Dục Văn hiểu rất rõ tầm quan trọng của hình tượng. Kiếp này, nhãn hiệu của Chu Dục Văn là trưởng thành, tài năng xuất chúng!
""Tôi là người khá truyền thống, tôi nghĩ yêu đương thì phải có trách nhiệm, nên yêu phải thật thận trọng.""
""Chu Dục Văn, cùng tôi tái hôn đi!""
""Cút đi! Tao có bạn gái rồi!""
Anh chạy, cô đuổi! Anh không thể bay thoát dù có cánh!","qq-comics/thumbnails/657011.jpg"
"102","Sư Phụ Côn Trùng Ngày Tận Thế","Cập nhật vào thứ Tư và thứ Bảy hàng tuần. Ngày tận thế đã đến, muôn vật biến dị, con người từ đỉnh chuỗi thức ăn rơi xuống, trở thành những con kiến nhỏ bé vật lộn sinh tồn.
Cướp bóc và giết chóc tràn ngập mọi ngóc ngách. Đây là địa ngục của người thường, nhưng là thiên đường của kẻ tiến hóa.
Bắt đầu với việc nhận được ký sinh của Sâu Hoàng, có được sức mạnh tiến hóa, ta sẽ trở thành chủ nhân của lục địa hoang tàn này!","qq-comics/thumbnails/655954.jpg"
"171","","",""
"148","Biên giới tận thế · Chương Vinh quang Vương giả","Tìm kiếm tài khoản chính thức 【Biên giới tận thế】 để xem các tập đặc biệt, ngoại truyện và phát hành độc quyền!","qq-comics/thumbnails/637203.jpg"
"143","","",""
"84","Tôi đang bắt quái vật trong ngày tận thế","Trong ngày tận thế quái vật hoành hành, ai cũng lo sợ, nhưng tôi lại có một hệ thống có thể bắt quái vật! Người nhện ma mị, quái thú to bằng cả thành phố, còn có cả truyền thuyết Hắc Bạch Vô Thường, đều là thú cưng của tôi!","qq-comics/thumbnails/656525.jpg"
"166","Tam Giới Chí · Thần Ma Lục","Thời thịnh trị của Đại Đường, dưới vẻ ngoài hòa bình lại ẩn chứa những dòng chảy ngầm dữ dội.
Vua Đường liên tiếp phái hai đội sứ giả: một đi về phía Tây lấy kinh, một đi về phía Nam trừ ác. Mục đích của hành động này là gì?
Yêu loạn thường xuyên xảy ra ở Nam Chiêm Bộ Châu, Tề Thiên Đại Thánh thậm chí bị ép phải cuốn vào giữa, thế lực bí ẩn nào đang điều khiển cuộc tranh chấp của tam giới?
Ba tuyến truyện của Lý Huyền Cơ, Ninh Viên và Đại Thánh song song tiến triển cuối cùng hội tụ, hé lộ bí mật phía sau việc Đường Tam Tạng lấy kinh và sự diệt vong của Ngưu Ma Vương...

Q: 985749205","qq-comics/thumbnails/648986.jpg"
"133","Vòng Ác","Hậu duệ ""Cấp Thần"" duy nhất còn sót lại, Sanyue, đeo chiếc nhẫn đen và sống với thân phận thấp kém tại vùng đất lưu đày bẩn thỉu. Nhưng cuộc sống yên bình của cậu bị phá vỡ khi thân phận bị lộ. Một thế lực cấp đặc biệt xem cậu là mối đe dọa và cử đội ám sát truy đuổi Sanyue. Năm dị năng giả tồn tại từ nhỏ để bảo vệ Sanyue cũng được triệu tập cùng lúc. Họ vội vã đến vùng lưu đày để bảo vệ hậu duệ ""Cấp Thần"" cuối cùng. Một trận chiến giữa các ""vòng"" sắp bắt đầu!
[Cập nhật vào ngày 5, 15 và 25 hàng tháng]","qq-comics/thumbnails/655271.jpg"
"17","Nhiệt Độ Tận Thế: Tôi Trở Thành Thần Nhờ Nhà An Toàn","Thiên tai ập đến, xem ta tái sinh với hàng nghìn tỷ vật tư! Trả thù kẻ phản bội, nữ thần chủ động theo đuổi, làm vua của thời loạn!","qq-comics/thumbnails/656861.jpg"
"72","Bí Mật Dưới Váy","Năm nay, Rao Chuge đã đỗ vào trường trung học lý tưởng trong lòng mình một cách suôn sẻ, nhưng trên đường đến trường ngày đầu tiên, cô đã gây ra một sự náo loạn. Đó là vì cô có một siêu năng lực: chỉ cần cô mặc váy, khi cô bắt đầu mơ mộng, chiếc váy sẽ tự động dịch chuyển những thứ liên quan, không giới hạn quy mô, khiến cô rất phiền toái.","qq-comics/thumbnails/656633.jpg"
"179","","",""
"145","Thần Rượu","Câu chuyện kể về Lý Giải Đống, một bậc thầy pha chế đỉnh cao quốc tế được gọi là Thần Rượu, người đã chết say khi mới ba mươi tuổi sau khi thưởng thức rượu ngon thời Hán khai quật được. Sau khi chết, anh bất ngờ tái sinh vào một lục địa Ngũ Hành thần kỳ, hóa thân thành một đứa trẻ ăn xin tên Cơ Động. Ở thế giới này, có một nghề thần kỳ gọi là Âm Dương Ma Sư. Cơ Động kiên quyết trở thành một Âm Dương Ma Sư, tái hiện vinh quang của Thần Rượu trong thế giới sở hữu mười hệ ma kỹ kỳ dị này.","qq-comics/thumbnails/649825.jpg"
"136","Tam Thể","Rất nhiều nhà khoa học chết một cách bí ẩn, hé lộ những biến động bất thường trong giới khoa học Trái Đất. Nhà khoa học nano Vương Miêu bước vào trò chơi mạng bí ẩn ""Tam Thể"", dần dần tiếp cận sự thật của thế giới này. Khi Vương Miêu tham gia một buổi tụ họp người chơi, anh tiếp xúc với một tổ chức bí mật (ETO). Trung tâm tác chiến khu vực Trung Quốc của Tổ chức Phòng vệ Trái Đất bất ngờ bổ nhiệm cảnh sát bị đình chỉ công tác Thị Cường điều tra sự việc. Hai người, dù không đồng tình nhau, bắt đầu cùng đối mặt với biến động lớn của thế giới này...","qq-comics/thumbnails/644646.jpg"
"35","Quái vật đang nói yêu tôi","Tại buổi họp lớp tám năm sau khi tốt nghiệp trung học, Trang Kỳ An lại trở thành mục tiêu bị mọi người chế giễu và khinh bỉ như hồi trung học. Lớp trưởng Giang Ngôn Túc có rất nhiều người theo đuổi, nhưng chỉ có Trang Kỳ An là thờ ơ.
Trang Kỳ An ra ngoài hít thở ở một con hẻm, vài cậu học sinh từng bắt nạt cậu hồi trung học đã đuổi theo. Trang Kỳ An chạy vào một chiếc xe, nhưng phát hiện chủ xe đã chết. Phía sau, một chiếc vuốt kỳ lạ chĩa vào cổ cậu, và cậu nhìn rõ mặt Giang Ngôn Túc trong gương chiếu hậu...","qq-comics/thumbnails/656668.jpg"
"66","Hệ Thống Hậu Tận Thế Của Tôi Bị Sập","Tôi sẽ dùng hệ thống này để thay đổi cuộc đời mình! Gì cơ? Hệ thống tận thế? Hay là bản sập rồi!","qq-comics/thumbnails/656559.jpg"
"174","Đội Điều Tra Vụ Án Bí Ẩn","Nỗi kinh hoàng bắt nguồn từ thực tế... Mười năm trước, tại ký túc xá nữ của một trường y xảy ra một vụ án mạng kỳ lạ. Trái tim nạn nhân bị một ""người"" ăn sống. Thế nhưng không ai nghe thấy tiếng thét nào? Chẳng lẽ thật sự là ma quỷ đang gây rối? Đối mặt với những vụ án siêu nhiên kỳ quái liên tiếp, để tránh gây hoang mang và lo sợ cho người dân, Giám đốc Công an tỉnh đã bí mật ra lệnh thành lập ""Đội Điều Tra Vụ Án Bí Ẩn"" để tiến hành điều tra.","qq-comics/thumbnails/635245.jpg"
"185","Cút đi, bạn thuở nhỏ của mày!","Nếu một ngày, bạn bỗng nhận ra mình đã thích người bạn thuở nhỏ đã gắn bó hơn mười năm, đặc biệt là khi anh ấy vẫn đang dây dưa với bạn gái lâu năm, mối quan hệ lúc gần lúc xa, thì những suy nghĩ ấp ủ bấy lâu trong lòng bắt đầu trỗi dậy. Dường như luôn có hy vọng, nhưng ngay lập tức lại tan vỡ... Trần Minh Dương nghe thấy giọng mình: ""Từ Dương Dật, tôi thích cậu, tôi chết tiệt không muốn làm bạn thuở nhỏ của cậu nữa!""","qq-comics/thumbnails/543850.jpg"
"67","Bác Sĩ và Thiếu Niên Bất Hảo","Hai người tưởng chừng như trời vực cách biệt, lại bị sợi dây đỏ định mệnh gắn kết qua một chiếc điện thoại. Hãy xem họ dùng tấm lòng chân thành phá vỡ rào cản, trình diễn câu chuyện cổ tích đô thị về tình yêu và sự cứu rỗi.","qq-comics/thumbnails/656656.jpg"
"105","Về việc tôi cưỡi xe máy vì không mua được ngựa","Tác phẩm lớn đầu tiên trong nước tập trung vào văn hóa xe máy. Ánh đèn neon phản chiếu giấc mơ, xe máy lao nhanh.","qq-comics/thumbnails/655837.jpg"
"57","Bạn là người may mắn","Hạ Lăng, một học sinh trung học đầy bối rối về tương lai, tình cờ nhận được một chiếc lá từ cây Kiến Mộc của thế giới Đại Hoang cổ đại, và ký kết hợp đồng với hồ ly chín đuôi Hồ Cửu Thanh, từ đó xảy ra một chuỗi câu chuyện.","qq-comics/thumbnails/656935.jpg"
"12","Thư hồi đáp của Kilo Lewis","Triệu Thanh Các X Trần Vãn, Trần Vãn là người khéo léo, đáng tin cậy nhờ làm việc chu đáo tỉ mỉ, đã hòa nhập vào giới. Ở đâu có anh ta, ngay cả độ ẩm trong không khí cũng vừa vặn. Anh ta không mất công mong Triệu Thanh Các thích mình. Trần Vãn không nhận danh không đòi công, Triệu Thanh Các thậm chí không cần biết anh ta là ai. Chỉ cần trong giới nhìn thấy anh ta một hai lần từ xa là đủ.","qq-comics/thumbnails/656760.jpg"
"77","Cửu Tử Long","Một trận thiên tranh loạn, các thần thất bại rút lui, Long Vương bị giam cầm, các tử long rơi rụng, thiên hạ đại loạn. Các tử long tái sinh—Long Nha, mang theo Y Tế Kiếm, bắt đầu hành trình. Chờ đợi cậu là sự cản trở của yêu ma hỗn độn. Làm thế nào để cậu có thể tìm đủ các huynh đệ và cứu thế giới hỗn loạn này?","qq-comics/thumbnails/656618.jpg"
"23","Chị dâu: Tôi thật sự không còn là kẻ ngốc nữa","Giả ngu suốt năm năm, rồi phản công giết sạch kẻ thù để lên đỉnh cao! Một khi lật bài: đến lượt tôi bảo vệ các người suốt đời! Mười người trong nhà bị giết thảm, bảy mỹ nhân nhất định phải gả cho tôi? Chị dâu, tôi không còn là kẻ ngốc nữa!","qq-comics/thumbnails/656568.jpg"
"183","Tôi nghi ngờ bạn thầm thích tôi","Con người trong đời luôn có nhiều ảo giác: điện thoại đột nhiên rung, có người gõ cửa, người kia thầm thích tôi...
Đây là một tập truyện hài hước về thầm thích và hiểu lầm. Bạn sẽ thấy—
1. Tưởng tượng và hiểu lầm: Bạn thầm thích tôi? Không! Tôi chỉ thèm pheromone của bạn thôi;
2. #Cứu tôi với, ông chủ luôn chê bai tôi bỗng nhiên phát triển nhân cách kép, coi tôi như vợ và chỉ muốn ôm ấp tôi, phải làm sao đây?#
Mọi kiểu cặp đôi, đều có trong ""Tôi nghi ngờ bạn thầm thích tôi""","qq-comics/thumbnails/649048.jpg"
"34","Cả vũ trụ đều muốn ôm ấp tôi","Giang Chiêu một ngày bỗng xuyên không đến thời đại liên tinh, nhưng trong thời đại này, tất cả đều được sinh ra qua chỉnh sửa gen, trở thành những thú nhân có sức chiến đấu mạnh mẽ. Tuy nhiên, khuyết điểm của chỉnh sửa gen khiến thú nhân từ khi sinh ra đã bị đe dọa bởi sự bạo động của sức mạnh tinh thần, cuối cùng hoàn toàn bị bản năng thú tính kiểm soát.
Tuy nhiên, Giang Chiêu với tư cách là người cổ đại thuần chủng duy nhất trong vũ trụ, chỉ cần ở gần anh ta, sức mạnh tinh thần sẽ được an ổn và xoa dịu. Giang Chiêu nói: Chẳng phải chỉ là vuốt ve lông mềm mại sao? Tôi làm được mà! Phải không?","qq-comics/thumbnails/656569.jpg"
"27","Chiếu Lệnh Săn Thần","'Lì' hình thành từ tất cả sự tuyệt vọng tiêu cực của con người đã làm ô nhiễm các thần linh. Các thần linh bị ô nhiễm hạ giới chiếm hữu con người gây loạn, lấy tuyệt vọng của con người làm thức ăn.
Phát hiện tình trạng này, tổ chức thuật sĩ đã thành lập Ủy ban Săn Thần để trừ diệt các thần linh gây loạn.","qq-comics/thumbnails/656850.jpg"
"74","Ngày 3 tháng 3","Tôi chưa bao giờ nghĩ rằng lần đầu gặp gỡ dưới gốc cây hoa anh đào ở xứ người với một người đam mê nhiếp ảnh du lịch lại có thể thay đổi cả cuộc đời mình! Những tia lửa tình yêu nảy sinh qua từng lần va chạm khiến tim tôi rung động đến vậy—và người khiến tôi rung động ấy lại cũng là một người đàn ông, giống như tôi!","qq-comics/thumbnails/656638.jpg"
"140","Tàng Phong Hành","[Tập 9 đã phát hành!] Thanh quỷ đao tái xuất, gây loạn võ lâm, kẻ bị chiếm hữu biến thành “Đao Thi”. Thiếu niên đúc kiếm Bùi Liệt bị cuốn vào một âm mưu tinh vi. Cùng với mỹ nhân tri kỷ và huynh đệ sinh tử, họ đối đầu với phản diện xảo quyệt. Liệu họ có thể thành công? [Cập nhật không định kỳ]","qq-comics/thumbnails/638544.jpg"
"155","Trảm Yêu Thành Thần","Cậu bé giao hàng vô tình bước vào thế giới yêu quái, thức tỉnh sức mạnh bán thần và tái sinh từ cõi niết bàn! Cùng với cô em sinh đôi, họ khám phá vùng đất chưa biết, học đạo pháp, rèn thân thể, nhận thú thần, tìm tri âm, truy tìm bí ẩn thân thế, trở thành thần trảm yêu mạnh nhất! Huyền thoại... bắt đầu từ đây!
[Cập nhật đúng giờ vào thứ Năm và Chủ Nhật!]","qq-comics/thumbnails/645987.jpg"
"161","Số 63 Phố Pompeii","Tất cả khách trọ tại số 63 Phố Pompeii đều sẽ chết, bao gồm cả bạn đang đọc cuốn nhật ký này.","qq-comics/thumbnails/642872.jpg"
"135","Kiếm Ý Hóa Hình","Một họa sĩ 3D 28 tuổi với 40 năm kinh nghiệm làm việc tái sinh vào thế giới huyền ảo của kiếm tu và cơ giáp...
Liên kết hệ thống đúc kiếm, tải bản đồ kiếm dị giới, vừa hack vừa sinh tồn.
Không còn cách nào khác, trong thế giới này, dù là đúc kiếm hay hóa hình, đối với một họa sĩ 3D mà nói, thật sự quá đơn giản...","qq-comics/thumbnails/653301.jpg"
"24","Tôi, Nông Dân, Trồng Trọt Xác Sống","Nông dân cấp tối đa Lâm Phong trong lúc làm ruộng tình cờ gặp phải cuộc nổi loạn của nghề truyền thừa Pháp Sư Xác Sống. Trong lúc nguy cấp, anh bất ngờ phản kích giết chết Pháp Sư Xác Sống và nhận được nghề thứ hai, có khả năng trồng trọt xác sống. Từ đó, anh bắt đầu cuộc đời vượt lên, tiến tới đỉnh cao.","qq-comics/thumbnails/657046.jpg"
"25","Biệt Bảo Quái Sự Lục","Trên thế gian, những nơi núi non sông nước thanh tú, phong thủy tuyệt hảo thường chứa ""Thiên Linh Địa Bảo"", được ma quỷ thần linh canh giữ. Nếu tùy tiện động chạm sẽ mang đến tai họa diệt vong! Nhưng từ xưa đã có một nhóm người ngoài phái Bát Hành Đạo, chuyên dùng phương pháp đặc biệt để thu thập Thiên Linh Địa Bảo. Dân gian gọi họ là—Người Biệt Bảo. Tác phẩm này sẽ theo góc nhìn của người Biệt Bảo bí ẩn ""Trương Dương"", dẫn mọi người bước vào những truyền thuyết dân gian không thể giải thích trong rừng sâu Đông Bắc, Bồ Tát xương người ở sâu trong Đại Hưng An Lĩnh, và di tích của tộc Cửu Di.","qq-comics/thumbnails/657184.jpg"
"26","Cuộc Sống Hậu Tận Thế Hoàn Hảo Của Tôi","Một giấc ngủ dậy, Mạnh Tự phát hiện mình đã kích hoạt Hệ Thống Cuộc Sống Hoàn Hảo, sắp được thăng chức tăng lương, bước lên đỉnh cao cuộc đời?
Nhưng khi anh kéo rèm cửa ra, anh choáng váng... Đây là chỗ nào vậy? Mới mở khóa hệ thống hàng ngày, thì tận thế đã đến!","qq-comics/thumbnails/656676.jpg"
"120","Truyền Thuyết Gió Biển","Nam chính Vic, người sống cùng với rồng khổng lồ, trong lúc chạy trốn đã được nữ chính Eve cứu trên biển. Eve cũng là “dân tự do” sống cùng với quái vật biển khổng lồ. Kẻ truy đuổi vẫn đang tiến sát từng bước. Hai người vốn sống tách biệt cùng bạn khổng lồ sẽ lựa chọn thế nào? Liệu có thể thoát khỏi tai họa?","qq-comics/thumbnails/655404.jpg"
"109","Sơn Hải Lục Địa","Du hành đến Sơn Hải Lục Địa, thu thập những quái vật Sơn Hải kỳ diệu và đa dạng, thuần phục chúng để giúp mình chiến đấu, xây dựng, làm nông, sản xuất công nghiệp, v.v., xây dựng tổ ấm của riêng mình. Nhân vật chính là một lập trình viên trước đây, qua hệ thống sẽ tạo ra thế giới như thế nào?","qq-comics/thumbnails/655768.jpg"
"16","Bác Sĩ Quái Vật","Cập nhật vào ngày 1 các tháng lẻ, và ngày 1 và 15 các tháng chẵn.
Trong một quán bar ở thị trấn biên giới, một bác sĩ đang cứu chữa bệnh nhân ngừng tim, nhưng bị một người nước ngoài kỳ lạ tự xưng là Bác Sĩ Quái Vật ngăn lại. Trong khi đó, ở biên giới, một căn bệnh kỳ lạ đang âm thầm lan rộng...
Trong thế giới nơi con người và các quái vật thiết lập trật tự cùng tồn tại, câu chuyện y học kỳ ảo của Bác Sĩ Quái Vật, người nắm vững kiến thức về sinh lý quái vật, bắt đầu.","qq-comics/thumbnails/657203.jpg"
"43","Tiến Hóa Thú Dưỡng","Chim Sao Bình Minh bay lượn giữa bầu trời xanh và mây trắng, Báo Mây Bóng Tốc truy kích săn mồi trên thảo nguyên bao la, Trăn Khổng Lồ Ăn Mòn ẩn mình trong rừng mưa loang lổ, và Long Băng Trắng khuấy động sóng dưới đại dương sâu thẳm xanh thẫm. Lâm Viễn phát hiện mình có thể khiến linh vật tiến hóa vô hạn, không ngừng tinh luyện huyết mạch.
Bướm Bụi — Bướm Thép — Bướm Ngọc Bích — Bướm Hoàng Tourmaline. Đây là một thế giới thuần túy của Thú Dưỡng Sư.
Chuyển thể từ tiểu thuyết ""Tiến Hóa Thú Dưỡng Thương"" trên trang sáng tác Chuangshi thuộc Tập đoàn Yuewen, tác giả gốc: Hổ Phách Nút Áo","qq-comics/thumbnails/656990.jpg"
"139","Tẩu Quỷ Lục","[Độc quyền / Cập nhật mỗi thứ Hai]
Thang máy, phòng ngủ, con đường nhỏ... mọi cảnh bạn có thể nghĩ đến đều đang diễn ra những sự kiện kinh hoàng khó tin. Cuộc sống khó đoán, đời người quái dị; tất cả những chi tiết rùng rợn trong truyện đều lấy cảm hứng từ những khám phá hàng ngày của tác giả.
Dùng bút vẽ nỗi ""sợ hãi"" chân thực, bạn đã sợ chưa?","qq-comics/thumbnails/650760.jpg"
"154","Áo La Tinh · Vũ Trụ Song Song","Trong thế giới game, anh ấy là bậc thầy sử dụng đủ loại tinh linh để chiến đấu, đứng đầu bảng xếp hạng suốt nhiều năm với danh hiệu ""Số Một Thiên Hạ""; trong thế giới thực, anh ấy là người thấp nhất trong mọi chuỗi khinh bỉ, lặng lẽ thầm thương trộm nhớ nữ thần học đường với danh hiệu ""Chót Bảng""; một ngày nọ, hai thế giới này bắt đầu giao thoa. Cái nào là thật, cái nào là giả?","qq-comics/thumbnails/635061.jpg"
"123","Tiểu Tiên Sư Xù Lông","Trong một ngôi đền đạo cổ xưa, có một tiểu đạo sĩ, người bất ngờ trở thành hiện tượng mạng. Sau đó, cậu chọn xuống núi tu luyện và trải nghiệm, dùng thực tế để thấu hiểu sâu sắc đạo học, đồng thời truyền bá văn hóa truyền thống Trung Hoa. Tiểu đạo sĩ khoác ba lô lên vai, bắt đầu hành trình tu luyện. Cậu vượt qua núi non, trong quá trình đó kết bạn với nhóm bạn đồng chí hướng. Họ cùng nhau giúp đỡ, vượt núi, qua biển, học về di sản phi vật thể, tìm hiểu văn hóa lịch sử.","qq-comics/thumbnails/655447.jpg"
"86","Tuyết Đông Chưa Tan","Khi gặp anh vào đêm đông, chỉ còn lại tiếng tim đập và tiếng tuyết rơi. Tối nay mình có thể mơ thấy anh nữa không?","qq-comics/thumbnails/656354.jpg"
"75","Miên Sơn","Sâu trong vùng Miaojiang bí ẩn, thần núi gặp gỡ một cô gái trẻ. Đó là mối ràng buộc từ kiếp trước và cũng là sự lưu luyến trong kiếp này—","qq-comics/thumbnails/656628.jpg"
"144","Bạn Gái Thế Giới Linh Hồn Của Tôi","[Độc quyền / Cập nhật mỗi thứ Bảy]
Học sinh trung học Diệp Lam nhận được khả năng bị ma quỷ nhập, cuộc sống cũng trở nên kịch tính: trả thù cho yêu linh loli, truy đuổi thiên ma ngự tỷ, cùng chiến đấu bên cạnh kiếm tiên điển trai... Cuộc phiêu lưu đầy hiểm nguy này luôn có mỹ nhân đồng hành. Cảm giác, khá ổn đấy chứ?!","qq-comics/thumbnails/648222.jpg"
"184","Tôi Dựa Vào Công Nghệ Tu Tiên Thành Thánh","Lâm Đình là một nhân viên bảo trì cấp thấp trong thế giới tương lai, chuyên sửa chữa robot sinh học. Thỉnh thoảng anh ta còn lén lút lắp ráp người sinh học không có giấy chứng nhận để bán. Có một lần giúp bạn mạng đặt làm một con robot tình dục, không ngờ ngoại hình của con robot nữ đó lại chính là tình nhân của trùm xã hội đen ngầm tên Vương Lão Đại. Khi sự việc bị phát giác, xã hội đen đã bắt Lâm Đình, để trừng phạt anh ta, họ ép buộc chuyển ý thức của anh vào thân thể con robot nữ đó...","qq-comics/thumbnails/651702.jpg"
"146","Bất Biến Đen Trắng","Truyền thuyết nói rằng khi mạng người đã hết, cần phải chặt đứt hết nhân duyên tình yêu kiếp trước, do hai sứ giả Bất Biến Đen Trắng dẫn dắt, mới có thể bước vào luân hồi. Nhưng tình yêu say đắm khắc sâu trong tim, khắc ghi trong xương cốt, đâu dễ dàng buông bỏ. Khi tình yêu trải qua sự rửa trôi của thời gian, thứ còn lại là tình yêu vẫn tinh khiết hay chỉ là đống đổ nát đầy vết thương?","qq-comics/thumbnails/634749.jpg"
"165","Ma Vương Đại Trưởng Quản","Mùa hè khởi động lại! Truyền thuyết nói Ma Tôn phóng đãng vô độ. Truyền thuyết nói Ma Tôn thích giết người không gớm tay. Nhưng truyền thuyết chưa bao giờ nói, Ma Tôn... là một người phụ nữ. Khi Ma Tôn chuyển thế tái sinh đến nhân gian, đối mặt với đủ thứ quy tắc và ràng buộc, nàng nói: “Ta cả đời phóng túng tự do yêu mỹ nhân, quy tắc là gì, ăn được không?”","qq-comics/thumbnails/647872.jpg"
"38","Không Phải Tiên Bay Từ Trời Xuống","Người tu tiên Yigen Qing (nam chính) tu luyện thất bại, vô tình lạc vào thế giới liên sao. Cùng với nữ chính Alex và đội trưởng đội vệ binh Lei, họ bị một sinh vật bí ẩn khổng lồ và mờ ảo nuốt chửng. Ba người tỉnh dậy trong một nơi giống nhà tù, phát hiện có rất nhiều người kỳ quái bị giam giữ ở đó. Để trốn thoát, họ hợp tác với một robot biến thái, người sử dụng năng lực niệm điên cuồng tìm cảm giác mạnh Yilin, và Torbi, người tự kỷ xã hội nhưng phòng thủ rất mạnh. Trong mâu thuẫn và xung đột, họ bắt đầu kế hoạch ""đào tẩu"" không đáng tin cậy.","qq-comics/thumbnails/656774.jpg"
"141","Bố Bạo Quân Cưng Chiều Tiểu Yêu Thương","Để kiềm chế bạo quân, tiểu cá may mắn thần tiên đã hạ phàm thành công chúa duy nhất của Đại Tề quốc, Cố Nặc Nhi, từ đó bước vào con đường được bố và các anh trai cưng chiều. Ai ngờ cậu bé mà cô ""nhận nuôi"" lại mạnh mẽ tuyên bố chủ quyền, và dường như còn giấu những bí mật không ai biết. Dạ Tư Minh: Cố Nặc Nhi, em là của anh. Ngoài anh ra, trong mắt em không nên có ai khác. Cứu mạng! Bé Nặc Nặc liệu có thoát khỏi móng vuốt của cậu bé không?","qq-comics/thumbnails/652533.jpg"
"97","Hợp Đồng Thép","""Joan từ lớp trọng điểm của Học viện Chiến Giáp, không qua bài kiểm tra phù hợp Chiến Giáp, bị giáng cấp xuống lớp hậu cần của Viện Ngoại.""
Ba trăm năm sau tận thế, thế giới loài người trở nên tan vỡ. Thanh niên mang trên vai món nợ khổng lồ Joan, bất ngờ phát hiện mình đã ký kết hợp đồng với không chỉ một bộ Chiến Giáp đỉnh cao.
""Đen hay trắng, cậu chọn cái nào?"" ""Tôi muốn cả hai!""
Nắm trong tay Chiến Giáp mạnh nhất, kiếm tiền không phải chuyện dễ dàng.
""Cứu thế giới? Không đi, không liên quan đến tôi.""
""Gì cơ? Xóa hết nợ? Này, đợi đã!""","qq-comics/thumbnails/656058.jpg"
"79","Ác Ma Là Thực Tập Sinh","Hắn, Lộ Tư Pháp, là Đại Ma Vương vô địch trong Ma Giới, từng bất bại trong các trận chiến cổ đại, ai cũng khiếp sợ, cúi đầu thần phục. Nhưng giờ đây, bước vào thời hiện đại, sau bao nhiêu năm sống sót, Lộ Tư Pháp lại trở thành một gã lười biếng, vô dụng trong mắt cháu trai... Thật là một sự nhục nhã! Nghe nói cháu trai gần đây mê mẩn một chương trình tuyển chọn có tên Idol Thực Tập Sinh? Tốt lắm, danh hiệu thực tập sinh mạnh nhất nhất định phải thuộc về hắn — bảo vật của Đại Ma Vương Lộ Tư Pháp ngày trước.","qq-comics/thumbnails/656614.jpg"
"176","Nhanh lên, cho động vật vào tủ lạnh","""Đôi khi, điều chúng ta nên suy nghĩ không phải là đúng sai trắng đen của thế giới này."" Một chú gấu trúc đen trắng bất ngờ lè lưỡi đỏ của mình, và từ đó, thế giới truyện tranh đen trắng này ra đời. Ở đây sống những chú gấu trúc vừa dễ thương, vừa láu cá, vừa nghịch ngợm; cáo thẳng thắn như thép; nhím luôn trong trạng thái tán gái; cùng đủ loại động vật lạnh lùng nhưng ngố tàu...","qq-comics/thumbnails/627953.jpg"
"142","Tụng Rượu","Hán Tín bá đạo cướp rừng của tôi, xin hỗ trợ! Kết thúc rồi, tạm biệt~ Truyện tu tiên mới ""Đoạt Thiên Khuyết"" đang chờ bạn đến vuốt mèo~ Tác phẩm hài mới ""Tôi Chỉ Muốn Phóng Khoáng"" đã lên sóng!","qq-comics/thumbnails/626434.jpg"
"39","Kim Đan là ngôi sao, mà cậu gọi đây là tu tiên sao?","Người ta dắt thú cưng thì toàn linh thú hoặc kẻ liếm, còn tôi, Tề Nguyên, thì dắt theo một con dao bếp.
Người trong môn phái nhìn thấy đều nghĩ tôi bị điên, nhưng không ngờ đôi mắt tôi có thể nhìn thấy thông tin ẩn trên người họ.
Xuyên không đến thế giới tu chân này, tôi phát hiện tất cả công pháp xây dựng căn cơ đều biến người tu thành nguyên liệu cho một thực thể nào đó. Vậy nên để xây dựng căn cơ, tôi tự sáng tạo công pháp, thu thập linh vật, chỉ vì Thiên Đạo Căn Cơ!","qq-comics/thumbnails/656893.jpg"
"88","Lượng Tử Huyễn Tưởng - Sự Trỗi Dậy của Bác Ưu Ưu","Một thế giới khác, liệu có thật sự tồn tại một bản thân khác?
Sinh ra từ thế giới song song, tinh linh lượng tử—Quả Tử Tử, mang theo bí mật của vũ trụ lượng tử, xuyên không đến Trái Đất tìm gặp nhà thiết kế game A Nhân, chỉ dẫn anh đánh thức những đồng bạn tinh linh đã mất.
Trên hành trình xuyên không gian năm chiều, tìm kiếm bí ẩn tối thượng của vũ trụ, sự thật về thế giới song song liệu có được hé lộ từng phần...","qq-comics/thumbnails/656300.jpg"
"169","Cuối cùng cũng sống chung với anti chuyên nghiệp","Cuộc sống chung 'yêu thương nhau' của idol và anti chuyên nghiệp, cập nhật mỗi thứ Tư~","qq-comics/thumbnails/628041.jpg"
"61","Quẻ Khảm Ly","Cậu bé Khảm Hành không biết đạo thuật, dẫn theo cô gái đạo sĩ thiên tài Ly Ly đến một cửa hàng trốn thoát kỳ lạ, tìm kiếm chị gái mất tích. Nhưng tà ma trong cửa hàng này vượt xa sự nhận thức của họ.
Mọi thứ dường như ám chỉ rằng, phía sau khuôn mặt chính nghĩa của đạo sĩ, có một mặt tối chưa ai biết đến. Hai người trẻ cũng lần đầu tiếp xúc với tâm tư phức tạp đến vậy.","qq-comics/thumbnails/656719.jpg"
"68","Yếu Tố Giáp EM7","Tân tốt nghiệp của Học viện Siêu Cảnh, Khôi Tử, được phân công vào một đội siêu cảnh gọi là EM7. Đội này thường thực hiện nhiệm vụ điều tra và thâm nhập các không gian méo mó xuất hiện khắp thế giới, đồng thời chỉnh sửa lại những không gian méo mó đó. Những không gian méo mó đáng sợ được chỉnh sửa nhờ vào 7 sứ giả Yếu Tố Giáp mạnh mẽ của đội siêu cảnh. Tân binh Khôi Tử khoác lên mình “Giáp Bóng Tối” trở thành thế hệ mới của sứ giả Yếu Tố Giáp, cùng các tiền bối chiến đấu và trưởng thành.","qq-comics/thumbnails/656649.jpg"
"1","Tái sinh trong thế giới Thủy Hử: Võ Đại Lang mạnh nhất","Thanh niên hiện đại Võ Trực xuyên không vào thế giới Thủy Hử, hoán đổi thân xác với Võ Đại Lang, mưu trí đấu với Tây Môn Khánh, dùng năng lực tiên tri để thu phục các anh hùng. (Cập nhật mỗi thứ Tư và thứ Sáu)","qq-comics/thumbnails/656856.jpg"
"134","Linh Hư Du Ký","Một tông môn ẩn thế—chàng trai trẻ ở Linh Hư Sơn lên đường tìm kiếm kỳ lân truyền thuyết, bước chân vào thế giới hỗn loạn chiến tranh không ngừng, yêu ma ngang dọc, du ngoạn khắp thiên hạ...","qq-comics/thumbnails/650452.jpg"
"163","Ái Dục Cửu Thiên","Một nữ diễn viên hạng 18 bỗng chốc mang trong mình sức mạnh thần thánh, xuyên không về thời cổ đại hoang dã. Hơn nữa, còn có thánh nhân trực tiếp đóng dấu, tuyên bố cô là “Chủ nhân Ái Dục”, địa vị vô cùng tôn quý. Cửu Âm cảm thấy làm người giỏi thật tuyệt, nếu không phải dụ dỗ đạo tâm thánh nhân, không có nhiều thần, yêu cố gắng chinh phục sức mạnh thần thánh trên người cô thì càng tốt.
Những người đàn ông đứng sau Cửu Âm: Nguyện được một lòng người, bạc đầu không rời.
Cửu Âm: Wi-Fi, tủ lạnh, máy giặt.
Đàn ông: ?????","qq-comics/thumbnails/653481.jpg"
"121","Dị Độ Thâm Uyên - Trọng Khởi Kỷ Nguyên","Vĩnh Sinh là một đứa trẻ mồ côi, lớn lên bằng cách ăn nhờ ở đậu tại Thành Phố Mơ Ước. Sau khi nhà cửa bị phá hủy và những người thân thiết nhất bị tổn thương, cậu biết được sự thật về thế giới. Dưới sự dẫn dắt của Mộ Thanh, cậu thức tỉnh sức mạnh tiềm ẩn. Sau đó, để không để nhiều người hơn bị tổn thương và bảo vệ những người quý giá bên cạnh, cậu gia nhập Trừ Niễm Giả, bắt đầu con đường phản kháng, dần dần tìm lại ký ức đã mất, nhiều lần phá vỡ sự thống trị của bóng tối, cuối cùng giúp nhân loại giành được tự do.","qq-comics/thumbnails/654840.jpg"
"153","Tôi Sống Chung Với Ảnh Đế","Do vướng vào tranh chấp nội bộ giữa các đại gia trong giới giải trí, siêu sao Tưởng Kỳ gặp tai nạn xe và trở thành thực vật, linh hồn rời khỏi thân xác. Anh gặp Tiêu Thác, tân binh cùng công ty duy nhất có thể nhìn thấy linh thể của anh. Cặp đôi cùng nhau dũng cảm bước vào giới giải trí. Cập nhật vào thứ Sáu hàng tuần.","qq-comics/thumbnails/633902.jpg"
"125","Test Comic 1 VI","Test description VI",""
"28","Hoàng Thiên Đế Hạ Thế: Thời Mạt Thế Ta Độc Tôn","Diệp Tiểu Phong tỉnh giấc sau cơn ác mộng, phát hiện mình tái sinh trở về ngày trước khi tận thế đến. Kiếp trước, sau đêm Nguyệt Huyết, anh trải qua tận thế tuyệt vọng với xác sống hoành hành, nền văn minh sụp đổ, cuối cùng bị người thương Lưu Như Yên phản bội, thảm tử dưới nanh vuốt xác sống. Giờ đây, anh quyết tâm đảo ngược số mệnh, không để lặp lại bi kịch. Đang lúc anh lên kế hoạch đối phó thảm họa sắp tới, một luồng sức mạnh bí ẩn bỗng thức tỉnh trong người—thần thức của Hoàng Thiên Đế. Thần tồn vĩ đại truyền thuyết này đã chọn Diệp Tiểu Phong làm","qq-comics/thumbnails/657142.jpg"
"104","Cửu Tử","Trong cuộc tranh đấu hỗn loạn của giang hồ, Hua Chaoyang ba tuổi đã mất cha mẹ và được Shen Xuzi, trưởng môn của Hạ Vân Phủ và là một hiệp khách chuyên nghiệp cứu về. Kể từ đó, Hua Chaoyang quyết tâm trở thành hiệp khách nổi tiếng nhất toàn bộ Thần Hạ Lục Địa: một là để thực thi chính nghĩa, hành hiệp trượng nghĩa; hai là tìm kẻ thù báo thù cho cha mẹ. Nhưng sau nhiều năm luyện tập, cậu vẫn không thể phát ra bất kỳ sức mạnh nào, trở thành trò cười của cả môn phái. Vậy cậu sẽ làm sao để thực hiện ước mơ của mình?","qq-comics/thumbnails/655929.jpg"
"177","Tôi Là Vợ Tôi","Một cuốn nhật ký tình yêu học đường giữa bản thân và chính mình. Một tiếng sấm trên trời quang đãng đã đưa Thu Dịch trở về mười năm trước, đồng thời còn mang đến cho cậu một bất ngờ ngoài dự kiến, biến cậu thành tiểu thư nhà giàu — Diệp Văn. Nhưng Thu Dịch của thế giới này không vì thế mà biến mất, còn trở thành bạn cùng lớp của cậu. Một chuyện tình kỳ ảo bắt đầu từ đây~ [Được phép / Cập nhật mỗi thứ Bảy]","qq-comics/thumbnails/543343.jpg"
"59","Tinh Linh Thần Chủ","Thế giới biến động dữ dội, ngẫu nhiên xuất hiện ""Trò chơi phụ bản"" khắp nơi. Những quái vật xuất hiện tàn sát loài người một cách đẫm máu!
Họa sĩ truyện tranh mắc chứng chuunibyou Tần Du đã trải qua vô số lần các phụ bản trong giấc mơ, hiểu rõ cấp độ, kinh nghiệm chiến đấu và quy trình phụ bản. Anh ta tin mình chính là nhân vật anh hùng cứu thế!
Vậy là cuộc phiêu lưu với góc nhìn toàn tri của anh bắt đầu!","qq-comics/thumbnails/656669.jpg"
"63","Lạc Vũ Hoa Đình","[Cập nhật mỗi thứ Bảy] Năm thứ 98 của Nguyên Cảnh, hoàng đế chăm chỉ trị quốc, dân chúng an cư lạc nghiệp. Tuy nhiên, dưới bề mặt hòa bình của bốn biển, triều đình bắt đầu truy bắt ""yêu quái"" quy mô lớn. Dân tộc Y Tộc mất đi niềm tin của con người, bùng phát khủng hoảng năng lượng, tộc nhóm suy tàn. Lời tiên tri cổ xưa trở thành hy vọng duy nhất để giải quyết khủng hoảng...","qq-comics/thumbnails/656696.jpg"
"20","Thầm Yêu Đối Tượng Là Một Con Mèo","Diễn viên vô danh nhỏ bé Thẩm Yến tham gia đoàn phim ""Âm Triều"" không thù lao, thầm yêu đế vương điện ảnh Lục Từ. Trong và ngoài ống kính, anh giấu đi tình cảm dâng trào, còn Lục Từ thì nhìn thấu lòng anh và dịu dàng bảo vệ. Đối mặt với công ty ép buộc tạo chiêu trò, Thẩm Yến kiên định giữ vững nguyên tắc và kiên quyết cắt đứt, cuối cùng nhận được lời tỏ tình sâu sắc từ Lục Từ. Mối tình đơn phương dốc hết lòng này kết thúc viên mãn trong sự đón nhận lẫn nhau, ngọt ngào xen lẫn đau thương khiến người ta mê mẩn!","qq-comics/thumbnails/657185.jpg"
"164","Thirteen Blades of Joy","Bộ phim truyền hình võ hiệp cổ trang giả tưởng quy mô lớn ""Thirteen Blades of Joy"" kể về câu chuyện cảm động của một cậu bé quyết tâm trở thành Đại☆Anh☆Hùng và vì điều đó mà đổ bao nước mắt, mồ hôi và trí tuệ. [Cập nhật hàng tuần theo xác suất, hoàn toàn dựa vào duyên phận. Xin lưu ý]

Nhóm đọc QQ
Nhóm 1: 220745517 (đã giải tán)
Nhóm 2: 979769641
Nhóm 3: 539432942","qq-comics/thumbnails/548781.jpg"
"108","Sát Thủ Cấp SSS Trở Lại","Trong thế giới hỗn loạn sau khi trò chơi ""Ma Vực Chinh Đồ"" xâm nhập vào thực tại, Mạc Bắc là lực lượng nòng cốt trong liên quân nhân loại, dẫn dắt đội nhóm nhiều lần tiêu diệt các Ma Vương có thể liên tục hồi sinh. Nhưng trong một trận chiến, cả quỷ và người đều mất đi chiến lực hàng đầu, máu của Ma Vương và Mạc Bắc hòa lẫn vào nhau. Rồi một ngày sâu trong dòng sông máu, một con quái vật nửa người nửa quỷ đã tái sinh...","qq-comics/thumbnails/655727.jpg"
"93","Li Zhi này quá lý trí.","Chuyển sinh thành Li Zhi, hoàng tử nhà Đường, vị vua tương lai Đường Cao Tông.
Chuẩn bị mở rộng lãnh thổ Đường đến tận châu Âu.
Gì cơ? Đây là thế giới Tây Du?
Đi lấy kinh, lấy cái gì chứ, ta sẽ mở rộng lãnh thổ Đường đến Linh Sơn.
Hoặc thần phục, hoặc diệt quốc.
Để ta cho ngươi thấy Đường triều biến thành Đại Đường như thế nào!
Đường Tam Tạng: Ta mất hơn mười năm đi lấy kinh, vậy mà không hề rời khỏi biên giới Đường quốc.","qq-comics/thumbnails/656167.jpg"
"44","Tôi Một Mình Chém Đổ Thế Giới Hỗn Loạn","Làm thế nào để sống sót trong thế giới hỗn loạn đầy xác sống?
Hãy học theo Lin Fan: tuân thủ pháp luật, đi làm kiếm tiền, cố gắng mua xe mua nhà, trở thành công dân xuất sắc một mình đánh bại thế giới hỗn loạn!","qq-comics/thumbnails/656838.jpg"
"122","Tinh thông Phép Phục Hồi Đột Nhiên Trở Nên Vô Địch","Bác sĩ Lăng Phàm xuyên không vào giới tu tiên. Vì tư chất tu tiên cực kém, anh không theo quy trình thăng cấp tu tiên truyền thống mà đi ngược lại, nghiên cứu sâu về phép phục hồi. Qua nhiều lần thử nghiệm, cuối cùng anh đã tinh thông phép phục hồi, nhưng phát hiện khi tinh thông phép phục hồi đến cực hạn thì đã chứng ngộ Đại Đạo, đột nhiên trở nên vô địch. Toàn bộ giới tu tiên, thậm chí cả thế lực nguyên có của linh giới và tiên giới trên cao đều sẽ bị Lăng Phàm lật đổ.","qq-comics/thumbnails/655399.jpg"
"30","Lời Nói Dối Của Cô Ấy","Để thoát khỏi người cha nuôi bạo lực, nghiện rượu và khu ổ chuột bấp bênh, cô hầu gái Sheila Godwin chủ động trở thành người thay thế tiểu thư bá tước, đến vùng đất lạnh giá phương Bắc làm người vợ thứ tư của công tước lão già dâm đãng Orcott, và dự định đầu độc ông ta vào đêm tân hôn để tránh bị tra tấn đến chết như những người vợ trước.
Tuy nhiên, ngay khi vừa đến phương Bắc, Sheila bị mắc kẹt trong hang tuyết trong tình trạng nguy cấp. Người cứu cô lại là con trai thứ hai của công tước. Đây là cơ duyên trời ban hay một kế hoạch đã được sắp đặt từ trước?","qq-comics/thumbnails/656862.jpg"
"33","Một Chiếc Gối Mây Thanh Khiết","Một quý nữ bị đâm chết, bài ca trẻ ma truyền khắp kinh thành. Hoàng đế Thuận phẫn nộ, ra lệnh Bộ Hình phá án trong vòng một tháng và sai Quốc Sư trợ giúp. Thứ trưởng Bộ Hình Diệp Thanh Hàn vốn không ưa Quốc Sư lòe loẹt lừa đảo, nhưng đành phải hợp tác phá án. Chỉ là, càng điều tra càng vướng nhiều mối liên quan. Đằng sau thủ phạm chính còn ẩn chứa một đại oan lớn diệt cả nhà trung lương, cùng cuộc tranh đoạt ngôi vị. Dưới lớp vỏ hoàn hảo của Quốc Sư còn giấu một khuôn mặt đầy sẹo—khuôn mặt mà Diệp Thanh Hàn ngưỡng mộ bao năm...","qq-comics/thumbnails/656881.jpg"
"82","Luận về Sự Tu Dưỡng Bản Thân của Một Con Ma","Sau khi chết, Cửu Mi đến Trung Tâm Tập Hợp Người Chết. Trong tay nhân viên, cậu nhận được một cuốn Hướng Dẫn Luân Hồi. Hướng dẫn đi kèm một thẻ Tích Điểm; chỉ cần tích đủ điểm, có thể luân hồi. Vậy là Cửu Mi bắt đầu làm nhiệm vụ tích điểm theo hướng dẫn. Trên con đường luân hồi mênh mông, cậu gặp cô gái phân liệt tính cách Tiểu Ngọc.","qq-comics/thumbnails/656584.jpg"
"19","Cuối Thế Giới Vừa Bất Bại Đến Cầu Hôn","Cuối thế giới vừa bất bại đến chặn cửa mai mối, đối tượng đều là vũ khí hủy diệt hàng loạt.","qq-comics/thumbnails/657223.jpg"
"150","Dưới chân núi Bát Bảo","Dưới chân núi Bát Bảo, khi bạn muốn chết, nó nhất định sẽ kéo bạn lại, khiến bạn không thể chết được. Nhóm độc giả Bát Bảo Sơn: 792353782","qq-comics/thumbnails/640864.jpg"
"182","Thần điện ma cà rồng, đừng cắn tôi!","[Cập nhật mỗi thứ Bảy] Cô vô tình hôn một chàng trai đẹp đang ngủ say! Gì cơ? Chàng trai đẹp thức dậy thật sao? Anh ta đột nhiên biến thành ma cà rồng? Còn muốn hút máu cô nữa? Chẳng phải đây là trong giấc mơ sao? Vậy sao phía sau lại có nhiều yêu ma quỷ quái muốn đưa cô về nhà? Cô nên chọn ai đây? Nữ chính đang chờ online, gấp...","qq-comics/thumbnails/627872.jpg"
"80","Đấu Khúc Thiên Hạ","Cách đây sáu trăm năm, triều đại Võ Chu tôn sùng võ thuật toàn dân. Trên vùng đất này lan truyền một câu truyền thuyết: ai cũng có cơ hội trở thành Võ Tu, nhưng chỉ những người có thiên phú dị bẩm mới có thể chạm đến ngưỡng cửa của nghề Bào Tạo Sư. Nam chính Diệp Lăng dựa vào khả năng cảm nhận linh khí trời đất siêu cường, bắt đầu con đường trở thành Bào Tạo Sư mạnh nhất.","qq-comics/thumbnails/649364.jpg"
"14","Hội chứng nhạy cảm cao","Song thế xuyên không, cậu bé violon nhạy cảm Hứa Ân bị cuốn vào cuộc giằng co chua chát giữa kẻ mưu mô Ngô Tông Hách và chàng trai phóng khoáng Yến Vực. Cuộc chiến mơ hồ của yêu mà không được sẽ bắt đầu ngay~","qq-comics/thumbnails/657207.jpg"
"51","Chiến Binh Phi Thường Khá Mạnh","Thường Hồng Thăng vô tình bị cuốn vào trận chiến giữa bốn cao thủ hàng đầu của môn phái lớn nhất giang hồ — Lệ Môn. Trong quá trình này, tuy còn nhỏ tuổi nhưng anh rất mưu mẹo, đóng vai trò quan trọng, giúp đỡ Chu Vi Cuồng, người có xuất thân vô cùng phức tạp — vì anh khao khát được theo Chu Vi Cuồng làm sư phụ. Đó là một tai họa bất ngờ khiến quê hương Thường Hồng Thăng bị diệt vong, rồi Chu Vi Cuồng mới nhận anh làm đệ tử. Thường Hồng Thăng hoàn toàn không ngờ rằng, thảm họa giáng xuống quê hương mình thực ra là vì một mối tình ngang trái phía sau Chu Vi Cuồng.","qq-comics/thumbnails/656956.jpg"
"180","Siêu Thần Linh Chủ","[Cập nhật đúng giờ mỗi thứ Sáu] Thanh đao đen kỳ lạ xuất hiện một cách bí ẩn, gặp gỡ cô gái dễ thương tình cờ, thay đổi vận mệnh của Tích Ca mùa hè này. Cuộc sống yên bình chấm dứt đột ngột, cậu bé sống khép kín đạp mở cánh cửa thế giới mới—Chiến đấu đi, số phận chết tiệt!","qq-comics/thumbnails/630967.jpg"
"186","Họa Quái","Tìm kiếm và khai thác những câu chuyện rùng rợn tinh tế trong cuộc sống, có thể câu chuyện tiếp theo đang xảy ra ngay bên cạnh bạn...","qq-comics/thumbnails/637953.jpg"
"170","Tôi thật sự không phải Đứa Con Của Định Mệnh","Trịnh Đại Trang xuyên không sang thế giới khác, thức tỉnh Hệ Thống Kịch Bản Cuộc Đời. Ban đầu anh tưởng mình là Đứa Con Của Định Mệnh, thiên sinh Long Áo Thiên, ai ngờ chỉ là một vai phụ nhỏ bé.
May mà có hệ thống trong tay, Trịnh Đại Trang kết giao với nhiều nữ chính định mệnh, cướp cơ hội của nhiều đứa con định mệnh khác, vô tình bước lên đỉnh cao võ đạo.","qq-comics/thumbnails/652855.jpg"
"173","Ngự Niệm Sư","Cập nhật mỗi Chủ Nhật! Nhóm fan QQ: 535431411. Thuật Ngự Niệm cổ xưa là bí thuật siêu nhiên liên quan đến phong thủy võ học, âm dương ngũ hành và các yếu tố khác. Người sử dụng thuật này được gọi là Ngự Niệm Sư. Tuy nhiên, trong thế giới này, Ngự Niệm Sư lại là biểu tượng của cái ác. Nhân vật chính Tông Thiên Nhất là một thiếu niên Ngự Niệm Sư tu luyện ẩn dật trên núi. Cậu sẽ bắt đầu một cuộc phiêu lưu lớn thay đổi vận mệnh của Ngự Niệm Sư.","qq-comics/thumbnails/550479.jpg"
"3","Cứu Bảy Nữ Phản Diện Trong Hậu Cung Tàn Nhẫn","Tôi xuyên vào truyện, trở thành nam phản diện bị tiêu diệt sau ba ngày trong cuốn ""Thiên Nguyên Lục Địa Chi Duy Ngã Độc Tôn,"" còn gọi là ""Bảy Vợ Của Tôi Là Đại Phản Diện."" Tôi có hệ thống, nhiệm vụ là cứu thế giới. Nếu bảy nữ chính đều bị hắc hóa, thế giới sẽ diệt vong.
Vậy nên tôi phải dùng tình yêu để cảm hóa họ!","https://manhua.acimg.cn/vertical/0/10_15_20_2d4313b33e111d0db4114318f2d0f6df_1760080849162.jpg/420"
"151","Hương Vị Ngọt Ngào Là Màu Đỏ","Trời ơi, tôi thật sự đã tìm thấy thần tượng của mình! Nhưng tại sao anh ấy lại chảy máu? Và tôi chỉ muốn... Cập nhật mỗi thứ Sáu hàng tuần
Chào mừng tham gia nhóm fan truyện tranh Hương Vị Ngọt Số 2: 601592345","qq-comics/thumbnails/647178.jpg"
"175","Vợ Yêu Của Ác Ma","Doanh nhân lớn Su Rui qua đời, không chỉ để lại đế chế kinh doanh cho một người ngoài mà còn giao cả cô con gái quý giá cho người đó.
Su Lingxin thật sự không hiểu, người đàn ông tên Gu Shaoxuan đó có gì tốt? Hống hách, cộc cằn, vô lý—anh ta không chỉ chiếm đoạt tất cả những gì thuộc về cô mà còn ngang nhiên xem cô là tài sản của mình! Tại sao lại như vậy!?","qq-comics/thumbnails/623494.jpg"
"158","Bước Đi Trong Quá Khứ Của Chúng Ta","Ranran được tái sinh muốn cứu sếp của anh trai đã khuất, Trịnh Thiếu, nhưng thất bại vào phút chót. Tình cờ, cậu không chỉ phát hiện Trịnh Thiếu có liên quan đến cái chết của anh trai mình, mà còn phát hiện việc tái sinh của mình không đơn giản như vẻ ngoài... Cập nhật mỗi thứ Sáu!","qq-comics/thumbnails/649192.jpg"
"62","Kỷ Nguyên Thợ Săn Hạt Nhân","Trong Thế chiến thứ hai, Tiến sĩ Brandon Miro đã thực hiện một kế hoạch chỉnh sửa gen người mang tên ""Một Trăm Năm Cô Đơn."" 

Khi toàn bộ thí nghiệm gần kết thúc, Tiến sĩ Brandon đột nhiên biến mất không dấu vết, chỉ để lại một phòng thí nghiệm mang tên ""Khối Máu."" Hơn nửa thế kỷ sau, tất cả những điều này được phong kín trong tháp đồng hồ của Đại học Glasgow.

Có lẽ, vào khoảnh khắc Brandon bước ra khỏi phòng thí nghiệm năm 1943, kỷ nguyên định mệnh bắt đầu chuyển động.","qq-comics/thumbnails/656772.jpg"
"52","Sự Thăng Trầm của Thiên Giới","Nhân vật chính biết chị gái mình sẽ hạ thế. Qua năng lực của mình, anh phát hiện con bướm vốn nên được triệu hồi cùng anh sẽ xuất hiện ở Trung Quốc và trở thành binh khí nữ của Chu Tịch. Vì anh đã tai tiếng trong Võ Dục Giới và không thể tự mình đến Trung Quốc, nên đã sai những kẻ cướp khác đến đó.","qq-comics/thumbnails/656955.jpg"
"178","Cạm Bẫy Nữ Thần","Cô gái bị bạn thân phá hủy nhan sắc liệu có thể trả thù thành công?! Bị ép ký hợp đồng bán thân để tái sinh, số phận cô sẽ ra sao?","qq-comics/thumbnails/550693.jpg"
"100","Tiểu Thư Địa Phủ Là Mai Mối?!","Hôm nay vốn là ngày trọng đại của Phong Miểu Miểu, Tiểu Thư Địa Phủ, nhưng cô ấy không chịu chấp nhận cuộc hôn nhân sắp đặt với con trai của Nguyệt Lão mà chọn cách trốn tránh hôn lễ. Trong một trận hỗn loạn, bác sĩ thẩm mỹ Gan Li vô tội bị vạ lây, sợi dây duyên phận của anh bị cắt đứt một cách bất ngờ?! Bản thân vốn là trai tân, anh trở thành chàng độc thân thép định mệnh không có duyên trong đời này.
Sau một hồi bàn bạc, mọi người quyết định dạy cho Phong Miểu Miểu một bài học — từ hôm nay, ngươi, quỷ sai, sẽ kiêm nhiệm làm mai mối!","qq-comics/thumbnails/655961.jpg"
"107","Hệ Thống Nhân Vật Chính: Tôi Là Đại Ca Ở Các Giới","Phàm nhân Tần Xuyên vô tình xuyên không đến thế giới Đại Chu, trở thành đại phú nhị đại nhất. Mọi người cười tôi như phế vật, nhưng khi thấy chiếc BMW của tôi, họ sợ đến quỳ xuống gọi tôi là chủ nhân. Nữ đế cũng quỳ dưới xe sang của tôi... Tôi định tiếp tục tung hoành Đại Chu, nhưng hệ thống lại bắt tôi phiêu lưu vạn giới, trở thành nam chính爽文 mạnh nhất?!","qq-comics/thumbnails/655757.jpg"
"99","Lễ Hội Nhận Thức","Một thảm họa được gọi là “mô-êm” bất ngờ xuất hiện, khiến toàn bộ thế giới loài người rơi vào trạng thái ngưng trệ. Nhưng thảm họa không chỉ có vậy. Khi Tạ Uyển bước ra từ căn cứ ngầm, thế giới đã biến thành một hình dạng khác, quá khứ và tất cả mọi thứ của cô đều hóa hư vô. Để tồn tại, cũng như tìm kiếm gia đình mất tích, Tạ Uyển đã bước trên con đường trở thành “phản diện.”","qq-comics/thumbnails/655957.jpg"
"69","Bạn Gái Tôi Là Một Con Cá","C-Cậu thật sự... có một cái đuôi!! Cô gái mà tôi thầm thích là một con cá! Thế giới này rốt cuộc đã xảy ra chuyện gì vậy? Học sinh trung học bình thường Diệp Nhất không ngờ rằng sau khi tỏ tình, thế giới của cậu đã mở ra một cách hoàn toàn mới... Vì vậy, cậu bé được người cá chọn đã bắt đầu một hành trình tình yêu hài hước và đầy cảm hứng với vai trò người bảo vệ hoa...","qq-comics/thumbnails/656644.jpg"
"162","Miêu và Bạc Hà Mèo","[Vui lòng xem thông báo ghim] Pas tình cờ gặp Qing có mùi pheromone là bạc hà mèo; vì say mê mùi pheromone của Qing, Pas hoàn toàn bị thu hút bởi Qing. Anh cố gắng làm Qing tức giận để kích thích việc tiết pheromone của Qing; tưởng rằng mình đang lợi dụng Qing như một bạc hà mèo hình người, nhưng qua nhiều lần gây sự, họ hiểu nhau hơn và cảm thấy nếu là Qing... có thể được chăng?","qq-comics/thumbnails/643585.jpg"
"152","Tôi đang bị lỗi trong thế giới khác","Tôi trở thành thần trong thế giới ma pháp nhờ hệ thống tu chân phương Đông bí ẩn","qq-comics/thumbnails/653025.jpg"
"64","Tiểu Cẩu Mất Hồn","[Cập nhật mỗi cuối tuần] Cẩu Tiểu Linh vô tình mất một phần linh hồn, từ đó trở thành người dễ thu hút ma quỷ, đồng thời bắt đầu sự nghiệp giúp người khác giải quyết các sự kiện linh dị 'hàng ngày'. Nhưng thật ra cậu là một đứa nhát gan, ban đêm bị yêu quái dọa đến mất ngủ, chỉ mong tìm lại linh hồn đã mất để trở lại người bình thường. Nhờ sự giúp đỡ của chú mèo đen bí ẩn Tuyết Cầu, cuối cùng cũng có manh mối về linh hồn bị mất. Nhưng lần này, Tiểu Linh phải đối mặt với một người đàn ông khá rắc rối...","qq-comics/thumbnails/656695.jpg"
"4","Mồi nhử","Dưới mặt hồ yên ả, cá bơi quanh như mồi nhử. Trong câu lạc bộ, Giang Nhượng bị Thanh Châu vô hình ""dây câu"" dụ vào phòng riêng. Một cuộc đấu khẩu đầy dò xét ngay lập tức diễn ra—Thanh Châu trông như con mồi bị kiểm soát, nhưng thực ra là kẻ săn mồi đã sắp đặt kỹ càng. Khi dục vọng bùng nổ mãnh liệt, camera ẩn và máy nghe trộm ghi lại tất cả. Màu máu trên mặt hồ nhạt dần, tiếng thân mật rõ ràng lọt vào tai người thứ ba. Rốt cuộc ai mới là con cá thật sự mắc câu trong cám dỗ chết người này...?","https://manhua.acimg.cn/vertical/0/15_17_58_02bda806f661b0f2e3fa583fa1d90497_1757930323765.jpg/420"
"189","Tiệm Thuốc Đông Y Ở Thế Giới Khác","Tôi là một thầy thuốc đông y già tên là Tôn Gia Hữu, chuyên chữa trị cho những linh sử yêu quái không rõ nam nữ. Sau khi tốt nghiệp Đại học Đông y, tôi trở về nhà kế thừa tiệm thuốc đông y, không ngờ lại kích hoạt cơ chế và đến thế giới khác. Người ở thế giới này dựa vào hiệu ứng đặc biệt để chữa bệnh, chỉ trị triệu chứng chứ không trị gốc. Vì vậy tôi quyết định quảng bá đông y ở thế giới khác, nhưng tổ chức hiệu ứng đặc biệt—Linh Sử Giáo—xem tôi như cái gai trong mắt. Qua nhiều lần đối đầu với Linh Sử Giáo, tôi phát hiện ra một bí ẩn lớn hơn...","qq-comics/thumbnails/642221.jpg"
"31","Bị Ám Ảnh Bởi Ác Ma","Vệ Lâm chưa từng tin vào sự tồn tại của ác ma, cho đến khi cô cùng người yêu thuở nhỏ chuyển ra nước ngoài sinh sống, mới tin vào tất cả những gì đang diễn ra trước mắt. Cơn ác mộng liên tục xâm chiếm, dần dần ăn mòn linh hồn dưới ánh nắng, cho đến khi vị giám mục xuất hiện, mọi chuyện trong quá khứ mới được hé lộ...
1v3
【Cập nhật mỗi thứ Bảy】","qq-comics/thumbnails/656841.jpg"
"188","Thái La Chiến Ký","Sau 40.000 năm thăng trầm, nhân loại đã xây dựng một đế quốc rộng lớn trải dài khắp thiên hà. Nhưng thần ác, chủng tộc côn trùng, da xanh, kẻ phản bội! Những kẻ thù của nhân loại này đã để lại những vết thương không thể kể xiết trên thân thể người khổng lồ này.
Nhân loại giương cao ngọn cờ sinh tồn, nhưng biết bao xương cốt trung thành đã phơi mình trên hoang mạc. Nhưng kẻ thù của nhân loại đã vượt qua không gian thời gian, muốn bóp nghẹt nhân loại ngay từ trong nôi.
Hoàng đế khô cằn như xương khô, kết nối hai dòng thời gian, một đứa trẻ bị nguyền rủa, từ đó mở ra bức tranh hùng tráng này.","qq-comics/thumbnails/655123.jpg"
"46","Bảo bạn làm nông, vậy mà bạn lại thành hoàng đế của một đế quốc?","La Mạn: “Ta chính là thiên mệnh của các ngươi! Tất cả quỳ xuống trước ta!”
Vậy nên bảo bạn làm nông, nhưng làm sao mà bạn lại xây dựng được một đế quốc rộng lớn như vậy và trở thành hoàng đế?","qq-comics/thumbnails/656853.jpg"
"167","Thần Vũ Chi Linh","[Nhóm QQ trao đổi truyện tranh Thần Vũ Chi Linh: 432589391] Thái Sơ Giới là nơi linh hồn con người trở về sau khi chết, địa hình phức tạp, thành trì nhiều, do một số đế vương tướng soái đã thức tỉnh Thần Vũ Chi Linh cai trị. Tần Hy và Phương Tiềm vô tình lạc vào Thái Sơ Giới, gặp phải cuộc xâm lược của La Sát, họ mang trong mình truyền thuyết Thiên Tống, được Ngũ Tư đặt nhiều kỳ vọng, tu luyện Thần Vũ Chi Linh. Tuy nhiên, theo thời gian, họ dần phát hiện ra một nguy cơ lớn hơn ẩn sau cuộc xâm lược của La Sát...","qq-comics/thumbnails/627449.jpg"
"124","Sơn Hải Chúc Dung","Trong quá trình thực hiện nhiệm vụ do Học viện Khoa học giao phó, đội Lợi Nhẫn đột nhập vào hầm phòng thủ địch. Nhân vật chính Hạ Nhiên tình cờ phát hiện ra Chuông Đông Hoàng cổ xưa. Trong một sự trùng hợp, Hạ Nhiên kích hoạt cổng dịch chuyển của Chuông Đông Hoàng. Toàn bộ đội đặc nhiệm bị đưa đến hành tinh bí ẩn Sơn Hải Tinh, một thế giới đầy nguy hiểm và quái thú hoành hành. Thử thách sinh tồn trên vùng đất hiểm ác này sắp bắt đầu, một cuộc phiêu lưu tràn đầy hy vọng và dũng khí cũng sắp mở ra. [Nhóm fan: 676471479]","qq-comics/thumbnails/655326.jpg"
"138","Đầu Gấu","""Biao"" chỉ những võ sĩ được thuê, mục tiêu bảo vệ của họ cũng chỉ những người bị chính quyền treo thưởng truy nã. Vào thời điểm trước cuộc loạn dân cuối nhà Tùy, giang hồ nổi lên một cơn bão máu, ân oán tình thù của các phe phái dần dần được hé lộ.","qq-comics/thumbnails/540487.jpg"
"89","Ba Tuổi Thành Nữ Vương","Nữ vương Hila, người đã chết thảm trong kiếp trước, không chỉ tái sinh thành công chúa nhỏ của nước địch mà còn trở thành cháu gái của chồng cũ mình. Nữ vương bù nhìn 3 tuổi lần này thề sẽ trả thù, giành lại tất cả những gì thuộc về mình!","qq-comics/thumbnails/656296.jpg"
"70","Cuộc Chiến Tình Yêu Của Các Quý Ông","Một câu lạc bộ bí ẩn trong trường thu hút vô số nam sinh. Tại sao ngôi trường Đông Thành Trung học tưởng chừng bình thường này lại có sức hút đến vậy? Lý do chính là nó có thể giúp bất kỳ chàng trai nào cũng có bạn gái!? Cuộc chiến này sẽ tạo ra những tia lửa tình yêu nào giữa nam và nữ?","qq-comics/thumbnails/656650.jpg"
"45","Chúa tể Phổ La","Anh ta tên là Lý Bạn Phong, 'Phong' là đỉnh núi, không phải 'Phong' điên rồ. Bác sĩ nói anh ấy không điên.
Để cứu mạng một người bạn, anh đã đến sân ga số 96, lên chuyến tàu hơi nước 1160, đến tỉnh Phổ La đang dừng lại ở thời đại hơi nước.
Trên thế gian trăm môn phái, ai có thể so bì? Trong số vạn tu ở Phổ La, ai là người đứng đầu?
Bạn Phong mặc vest, đội mũ, cầm chổi lông gà, nghiêm túc hỏi: Hãy nói cho tôi biết, ai là Chúa tể Phổ La?","qq-comics/thumbnails/656764.jpg"
"87","Ngôi Sao Này","Từng là con trai của hoàng tộc nước Yên Nghiệp, anh bị lưu lạc trong cuộc nội chiến ở quê hương. Trải qua sinh tử, nhìn thấu sự chia ly, khi tuyệt vọng tột cùng thì được người tị nạn nước thù nuôi dưỡng. Mối hận máu giữa các quốc gia và tình thân gia đình cứu chuộc đan xen, hậu duệ hoàng tộc hồi sinh từ tro tàn. Để bảo vệ người thân yêu, anh thắp lại niềm tin và bước trên con đường cứu rỗi.","qq-comics/thumbnails/656359.jpg"
"78","Nhãn Quang của Kaher","Khi Dean còn rất nhỏ, cậu đã gặp phải chuyện kỳ lạ! Hồi đó, cả gia đình cậu đều tự sát một cách bí ẩn?! Chứng kiến tất cả những điều này, Dean luôn muốn làm rõ sự thật! Nhiều năm qua, cậu đã tìm kiếm từng manh mối từ ngày đó! Và khi lần theo từng dấu vết, cậu gặp một thông tin tự sát trên diễn đàn? Câu chuyện trinh thám căng thẳng và bí ẩn bắt đầu ngay bây giờ!","qq-comics/thumbnails/656616.jpg"
"106","Bạn Muối","Học bá Đồng Dương bị đình chỉ học vì đánh nhau khi mới vào học. Khi trở lại, các bạn cùng lớp đều sợ hãi và tránh xa cậu. Cậu trốn một mình khóc thì bất ngờ bị học bá Tiêu Chân bắt gặp, đe dọa không được còn bị đánh lại. Tiêu Chân vốn lạnh lùng không biết vì sao lại bắt đầu kèm cặp Đồng Dương, cho đến khi Đồng Dương phát hiện ra người đã đánh nhau với cậu ngày khai giảng chính là em trai của Tiêu Chân...","qq-comics/thumbnails/655835.jpg"
"137","Hắc Bạch Song Long","Cậu bé hư Mo Lang và thiên tài lạnh lùng Bạch Kỳ từ nhỏ sống cuộc sống chăn thả gia súc ở nước Niuzhan. Một ngày nọ, một sát thủ bí ẩn đến từ nước Huyền Vũ đã hoàn toàn đảo lộn cuộc sống của họ, hai người quyết định bắt đầu cuộc phiêu lưu.","qq-comics/thumbnails/645489.jpg"
"56","Độc Thúy Nàng Thành Nghiện","Bạn trai kết hôn, cô dâu không phải là cô! Còn bị gọi là “tiểu tam”, chỉ trong một ngày bị thiên hạ chỉ trích, bị vạn người mắng nhiếc! Vì vậy cô quyết định đồng ý lời cầu hôn khó hiểu của tam thiếu gia nhà họ Dịch! Từ đó trở thành phu nhân danh môn được mọi người chú ý! Vì thế cô đắc tội với nhiều phụ nữ có thế lực, bị vu oan, gán tội, truy sát... đủ loại thủ đoạn độc ác liên tiếp diễn ra. May nhờ chồng cao phú soái xử lý mọi tình huống, bảo vệ cô kín kẽ không lọt khe.","qq-comics/thumbnails/656937.jpg"
"81","Tổ Tiên Ở Trên","Vào ngày Kuizi Yebu Xiu tỏ tình, anh ta gặp tai nạn xe và biến thành một hồ ly tinh đẳng cấp ♀. Tài xế gây tai nạn lại là một vị hòa thượng điển trai. “Ta sẽ chịu trách nhiệm cho nửa đời còn lại của em,” hòa thượng nói. Nhưng Yebu Xiu tức giận gào lên, “Ai bảo anh chịu trách nhiệm chứ?! Tôi chỉ muốn trở lại như cũ thôi!!” ———— Câu chuyện chuyển giới tưởng chừng bình thường nhưng luôn đầy những tình tiết bất ngờ và hài hước!!","qq-comics/thumbnails/656591.jpg"
"114","Không Ai Khác Ngoài Anh","Một giấc ngủ tỉnh dậy, mọi thứ đã đổi thay—người và vật không còn như trước. Neil phát hiện ký ức cuối cùng của mình dừng lại cách đây vạn năm. Sau đó, anh nhận ra không gian mình đang ở không phải thế giới ban đầu. Dòng chảy hỗn loạn thời không xuất hiện ở các chiều không gian khác nhau, dần dần xuất hiện nhiều đồng hành có trải nghiệm tương tự. Mọi người quyết định dùng sức mạnh của Người Giữ Tháp Đồng Hồ và Cánh Cửa để kết nối với thế giới bên ngoài, thu thập thêm manh mối. Trong quá trình đó đã xảy ra nhiều câu chuyện ngoài dự đoán.","qq-comics/thumbnails/655621.jpg"
"18","Ta cuối cùng sẽ cày đến thành thần","Thần đã chết, loài người tự lập.
Còn ta, cuối cùng sẽ cày đến thành thần!","qq-comics/thumbnails/657037.jpg"
"191","NPC Nhà Tôi Quá Khó Tán","Diệp Hiên phát hiện mình xuyên không vào thế giới game do chính tay mình thiết kế, trở thành một nhân vật bị đẩy làm bia đỡ đạn. Dựa vào hiểu biết về game và cuốn sổ ghi chú cốt truyện mang theo, Diệp Hiên hiểu rõ thân phận của mình rất quan trọng, một khi lộ diện sẽ chết. Vì vậy, mỗi ngày Diệp Hiên đều như đi trên băng mỏng, lời nói và hành động đều thận trọng.","qq-comics/thumbnails/649020.jpg"
"91","Bắt đầu với nghìn tỷ tài nguyên, nữ thần hối hận rồi","Liên tục tát mặt thật đã! Nắm trong tay nghìn tỷ tài nguyên, tát mặt mấy cô gái rác rưởi, chinh phục nữ thần, Trần Vũ kết nối với hệ thống thằng khốn, quét sạch mọi kẻ mạnh trong tận thế, thu phục vô số nữ thần otaku!","qq-comics/thumbnails/656266.jpg"
"157","Linh Lung · Truyền Kỳ Nguyệt Khôi","Nhà khoa học thần kinh thiên tài Bạch Nguyệt Khôi đã cấy não của ân sư mình vào thân xác một tử tù để cứu ông. Cùng lúc đó, thảm họa địa chất liên tiếp xảy ra, Jones đánh cắp Dược Phẩm Thiên Thần gây ra hàng loạt biến dị, thành phố Cửu Xuyên biến thành địa ngục trần gian. Mọi chuyện chưa kịp lắng xuống thì tận thế thật sự đã đến...","qq-comics/thumbnails/650233.jpg"
"101","Hộp Thú Dữ: Kỷ Nguyên Cơ Giáp","Câu chuyện diễn ra trên Trái Đất gần một nghìn năm sau. Sau cuộc đại chiến giữa trí tuệ nhân tạo và con người, quái thú ""Taisui"" hoành hành khắp nơi, khiến môi trường tự nhiên và hình thái xã hội thay đổi lớn. Con người phát minh ra ""BOX""—một loạt công nghệ mới liên quan đến hộp—để hợp tác với Hộp Thú Dữ, quyết liệt chống lại kẻ thù.
Lục Mã, thợ thú hộp gặp vấn đề, được Hộp Thú Dữ ""Dio"" chọn, bắt đầu thực hiện các nhiệm vụ khác nhau. Trên hành trình, họ nhận được nhiệm vụ chi viện thành phố Chu Tước. Câu chuyện của họ mới chỉ bắt đầu.","qq-comics/thumbnails/655980.jpg"
"71","Truyền Thuyết Kỳ Lạ Thủ Đô Thục","Khi một xác sống nghìn năm giàu có gặp một ma cà rồng ngang ngược, sự kết hợp giữa yếu tố phương Đông và phương Tây sẽ tạo ra những tình huống hài hước nào? Giữa việc tìm kiếm gia đình và trả thù, liệu họ có thắp lên ngọn lửa tình yêu?","qq-comics/thumbnails/656635.jpg"
"6","Tôi nhất định phải giả vờ.","Sát thủ Hạ Nhiên thuê một căn phòng để ngày đêm theo dõi mục tiêu ám sát Mạnh Thời Dự. Không ngờ xảy ra rắc rối, và tình cờ lại trở thành vệ sĩ của Mạnh Thời Dự.
Sát thủ bắt đầu học cách bảo vệ người khác, tưởng rằng mình đang bảo vệ một người ngây thơ trong sáng, nhưng không biết rằng ngay từ lúc nhận nhiệm vụ ám sát, anh đã rơi vào bẫy của Mạnh Thời Dự...","qq-comics/thumbnails/657023.jpg"
"15","Thành phố Furry","Ai nói bạn cùng phòng Furry rất chữa lành? F4 khu Yunting nhất định sẽ khiến bạn cười chết! Cừu xoăn rụng sừng nghịch ngợm dùng thực lực tự hại mình, báo tuyết “lạnh lùng” cuối cùng lại thành chàng trai hài hước, thầy giáo xã hội đen “vô dụng” Hui phát điên thức tỉnh, bác sĩ Bạch dịu dàng liệu có thể cứu chữa thần kỳ?! Tất cả đều có trong bộ truyện đô thị hài hước về rụng lông, phá nhà và cứu lấy sự buồn chán này!","qq-comics/thumbnails/657206.jpg"
"47","Huyền Giám Tiên Tộc","Lục Giang Tiên vì thức khuya mà đột tử, nhưng hồn phách còn sót lại lại nhập vào một chiếc gương đồng màu xám xanh đầy vết nứt, trôi dạt vào thế giới tu tiên bao la vô tận.
Trên núi Đại Lệ hiểm trở khó lường, bên bờ sông Mi Chi, một ngôi làng nhỏ, một gia tộc nhỏ nhặt được chiếc gương này. Họ truyền lại đạo tiên, dạy pháp thuật tiên, mở ra một sử thi tu tiên hùng tráng thuộc về họ Lý Vọng Nguyệt.
Chuyển thể từ tiểu thuyết cùng tên trên mạng Qidian thuộc Tập đoàn Đọc Văn, tác giả gốc: Kỳ Duyệt Nhân","qq-comics/thumbnails/656882.jpg"
"117","Thần Y Mạnh Nhất: Luôn Có Sư Tỷ Mưu Đồ Bất Chính Với Tôi","Các tuyệt học của Thiên Y Môn là đỉnh cao thế giới. Sau khi Diệp Trần xuất sư, cậu bị tám sư tỷ xinh đẹp đuổi xuống núi tìm! Mỗi sư tỷ đều có thân phận phi phàm: Nữ vương Hắc Vực uy chấn giới đen trắng, nữ tỷ phú xinh đẹp tinh thông đan thuật, minh tinh đang hot với kỹ thuật quyến rũ toàn diện... Có các sư tỷ chiều chuộng, cậu bé nghèo Diệp Trần từ đó sống cuộc đời hạnh phúc.","qq-comics/thumbnails/655540.jpg"
"22","Ra tù rồi, tiểu thư thật sự điên cuồng chống lại cả gia tộc","Tiểu thư thật sự không được cha mẹ yêu thương, bị ép nhận tội vào tù. Ra tù, dựa vào trí tuệ bản thân, sự trợ giúp của “giáo viên/mentor” và sự bảo vệ của nam chính, cô kiên quyết cắt đứt quan hệ, phản công, vạch trần bí mật gia tộc và đánh bại gia đình ruột thịt.","qq-comics/thumbnails/657114.jpg"
"118","Nữ Đế Ma Tôn Chuyển Sinh Thành Sếp Tôi","Nữ sếp ngã gục trước mặt tôi—nên cứu hay không cứu? Nếu cứu thì chẳng phải bất công với tôi ngày nào cũng làm 996 sao? Nếu không cứu thì ai sẽ giúp tôi lo khoản hoàn trả chưa được duyệt? Lục Hữu Vi thở dài rồi cứu sếp. Ai ngờ người phụ nữ thường xuyên hành hạ tôi này hình như bị tổn thương não. Khi tỉnh dậy, cô ta nói mình là Nữ Đế Ma Tông, còn muốn truyền dạy tôi tu chân đạo...?","qq-comics/thumbnails/654553.jpg"
"116","Thần quái dị của Đạo gây loạn, ta chỉ cần một tay là giết thần.","Thiếu niên Lục Vũ xuyên không đến thế giới khác, nhận được ""Đừng vội rút thăm hệ thống."" Thế giới mới này, khắp nơi thờ phụng những thần Phật, yêu ma có hình dạng quái dị, từ đó phát sinh nhiều giáo phái khác nhau. Giáo đồ cuồng nhiệt mong chờ họ giáng lâm, thống trị hoặc hủy diệt thế giới. Vì vậy, triều đình lập ra ""Trấn Ma Ngự Sứ Sở"", chuyên trách điều tra các sự kiện như vậy...","qq-comics/thumbnails/654848.jpg"
"37","Bị cha tàn bạo cưỡng chiếm sau","Hoàng tử ma tộc sa sút Elias, để bảo vệ mạng sống của hai con trai Sol và Ros, bị ép phải cưới chúa tể người nóng tính Lanther. Ai ngờ, đêm tân hôn, con trai Sol vô tình nuốt phải thuốc độc. Danh tính nửa người nửa ma kích hoạt điều cấm kỵ, Elias để giúp con giải độc, vô tình kích hoạt thuật cấm, hoán đổi linh hồn với Sol.
Một bên là đứa con nửa người nửa ma 16 tuổi nhút nhát, một bên là bạn đời ma tộc xinh đẹp cao quý, Lanther liệu có nhìn thấu sự giả trang của họ?!","qq-comics/thumbnails/656565.jpg"
"119","Thông Thánh: Sáu Thiếu Niên Thông Cảm","Từ khi sinh ra đến lúc vào tiểu học, Cổ Nhân khác biệt với những đứa trẻ khác, cảm xúc biến động lớn. Cậu vô tình làm tổn thương bạn bè xung quanh và bị buộc thôi học. Qua việc học trực tuyến hàng ngày, Cổ Nhân với trí nhớ siêu phàm, đến 15 tuổi đã trở thành người thông hiểu cổ kim, kiến thức sâu rộng gần như tiến sĩ nhân loại học. Cậu sở hữu những tuyệt kỹ như “Mã Vương Đới Đạo Dẫn Thuật”, “Cổ Pháp Dịch Cân Kinh”, “Võ Đường Kim Cương Công” mà không hề hay biết. Cho đến ngày sinh nhật thứ mười lăm của cậu...","qq-comics/thumbnails/655518.jpg"
"11","Dấu Hiệu Kém Cỏi","Yan Xunzhou bị bắt cóc đột ngột khi đang làm ca đêm tại cửa hàng tiện lợi. Ngay khi bọn bắt có định giết anh, một sát thủ đẹp trai từ trên trời rơi xuống, xử lý hết bọn bắt cóc, rồi kéo theo Yan Xunzhou đầy ngơ ngác rời đi.
Hóa ra, vì ngoại hình giống nhau, Yan Xunzhou bị nhầm thành thái tử của băng đảng lớn nhất địa phương là Ke Rongchen. Ke Rongchen đã bị giết một ngày trước, hung thủ chưa rõ. Để báo thù cho con trai, đại ca băng đảng Ke Ming quyết định để Yan Xunzhou giả làm thái tử dụ rắn ra khỏi hang...","qq-comics/thumbnails/656722.jpg"
"159","Ác Nữ Xà Lan","Nữ minh tinh hàng đầu Thư Lan xinh đẹp rực rỡ, chuyên nghiệp vững vàng. Để nổi tiếng, cô không từ thủ đoạn, tình trường trong giới vô số mà cũng vô tình, sự nghiệp đang ở đỉnh cao thì nhận một bộ phim tình báo tình cảm thời dân quốc với dàn ekip hàng đầu, nhưng đoàn phim lại chọn người yêu cũ mà cô ghét nhất - Phương Dực Nho làm nam chính. Sau đó, bạn gái bí mật của Phương Dực Nho là Lương Sảng và nam diễn viên trẻ mới nổi Chu Hi cũng lần lượt mang vốn vào đoàn, tình hình đoàn phim trở nên phức tạp. Nam diễn viên trẻ mới nổi này rốt cuộc là ai? Tại sao anh ta nhìn tôi như vậy?","qq-comics/thumbnails/649568.jpg"
