"id","chapter_id","page_number","image_url"
"123531","5186",1,"001.jpg"
"123532","5186",2,"002.jpg"
"123533","5186",3,"003.jpg"
"123534","5186",4,"004.jpg"
"123535","5186",5,"005.jpg"
"123536","5186",6,"006.jpg"
"123537","5186",7,"007.jpg"
"123538","5186",8,"008.jpg"
"123539","5186",9,"009.jpg"
"123540","5186",10,"010.jpg"
"123541","5186",11,"011.jpg"
"123542","5186",12,"012.jpg"
"123543","5186",13,"013.jpg"
"123544","5186",14,"014.jpg"
"123545","5186",15,"015.jpg"
"123546","5186",16,"016.jpg"
"123547","5186",17,"017.jpg"
"123548","5186",18,"018.jpg"
"123549","5186",19,"019.jpg"
"123550","5186",20,"020.jpg"
"123551","5186",21,"021.jpg"
"123552","5186",22,"022.jpg"
"123553","5186",23,"023.jpg"
"123554","5186",24,"024.jpg"
"123555","5186",25,"025.jpg"
"123556","5186",26,"026.jpg"
"123557","5186",27,"027.jpg"
"123558","5186",28,"028.jpg"
"123559","5186",29,"029.jpg"
"123560","5186",30,"030.jpg"
"123561","5186",31,"031.jpg"
"123562","5186",32,"032.jpg"
"123563","5186",33,"033.jpg"
"123564","5186",34,"034.jpg"
"123565","5187",1,"001.jpg"
"123566","5187",2,"002.jpg"
"123567","5187",3,"003.jpg"
"123568","5187",4,"004.jpg"
"123569","5187",5,"005.jpg"
"123570","5187",6,"006.jpg"
"123571","5187",7,"007.jpg"
"123572","5187",8,"008.jpg"
"123573","5187",9,"009.jpg"
"123574","5187",10,"010.jpg"
"123575","5187",11,"011.jpg"
"123576","5187",12,"012.jpg"
"123577","5187",13,"013.jpg"
"123578","5187",14,"014.jpg"
"123579","5187",15,"015.jpg"
"123580","5187",16,"016.jpg"
"123581","5187",17,"017.jpg"
"123582","5187",18,"018.jpg"
"123583","5187",19,"019.jpg"
"123584","5187",20,"020.jpg"
"123585","5187",21,"021.jpg"
"123586","5187",22,"022.jpg"
"123587","5187",23,"023.jpg"
"123588","5187",24,"024.jpg"
"123589","5187",25,"025.jpg"
"123590","5187",26,"026.jpg"
"123591","5187",27,"027.jpg"
"123592","5187",28,"028.jpg"
"123593","5187",29,"029.jpg"
"123594","5187",30,"030.jpg"
"123595","5187",31,"031.jpg"
"123596","5187",32,"032.jpg"
"123597","5187",33,"033.jpg"
"123598","5187",34,"034.jpg"
"123599","5187",35,"035.jpg"
"123600","5187",36,"036.jpg"
"123601","5187",37,"037.jpg"
"123602","5187",38,"038.jpg"
"123739","5193",1,"001.jpg"
"123740","5193",2,"002.jpg"
"123741","5193",3,"003.jpg"
"123742","5193",4,"004.jpg"
"123743","5193",5,"005.jpg"
"123744","5193",6,"006.jpg"
"123745","5193",7,"007.jpg"
"123746","5193",8,"008.jpg"
"123747","5193",9,"009.jpg"
"123748","5193",10,"010.jpg"
"123749","5193",11,"011.jpg"
"123750","5193",12,"012.jpg"
"123751","5193",13,"013.jpg"
"123752","5193",14,"014.jpg"
"123753","5193",15,"015.jpg"
"123754","5193",16,"016.jpg"
"123755","5193",17,"017.jpg"
"123756","5193",18,"018.jpg"
"123757","5193",19,"019.jpg"
"123758","5193",20,"020.jpg"
"123759","5193",21,"021.jpg"
"123760","5193",22,"022.jpg"
"123761","5193",23,"023.jpg"
"123762","5193",24,"024.jpg"
"123763","5193",25,"025.jpg"
"123764","5193",26,"026.jpg"
"123765","5193",27,"027.jpg"
"123766","5193",28,"028.jpg"
"123767","5193",29,"029.jpg"
"123768","5193",30,"030.jpg"
"123769","5193",31,"031.jpg"
"123770","5193",32,"032.jpg"
"123771","5193",33,"033.jpg"
"123772","5194",1,"001.jpg"
"123773","5194",2,"002.jpg"
"123774","5194",3,"003.jpg"
"123775","5194",4,"004.jpg"
"123776","5194",5,"005.jpg"
"123777","5194",6,"006.jpg"
"123778","5194",7,"007.jpg"
"123779","5194",8,"008.jpg"
"123780","5194",9,"009.jpg"
"123781","5194",10,"010.jpg"
"123782","5194",11,"011.jpg"
"123783","5194",12,"012.jpg"
"123784","5194",13,"013.jpg"
"123785","5194",14,"014.jpg"
"123786","5194",15,"015.jpg"
"123787","5194",16,"016.jpg"
"123788","5194",17,"017.jpg"
"123789","5194",18,"018.jpg"
"123790","5194",19,"019.jpg"
"123791","5194",20,"020.jpg"
"123792","5194",21,"021.jpg"
"123793","5194",22,"022.jpg"
"123794","5194",23,"023.jpg"
"123795","5194",24,"024.jpg"
"123796","5194",25,"025.jpg"
"123797","5194",26,"026.jpg"
"123798","5195",1,"001.jpg"
"123799","5195",2,"002.jpg"
"123800","5195",3,"003.jpg"
"123801","5195",4,"004.jpg"
"123802","5195",5,"005.jpg"
"123803","5195",6,"006.jpg"
"123804","5195",7,"007.jpg"
"123805","5195",8,"008.jpg"
"123806","5195",9,"009.jpg"
"123807","5195",10,"010.jpg"
"123808","5195",11,"011.jpg"
"123809","5195",12,"012.jpg"
"123810","5195",13,"013.jpg"
"123811","5195",14,"014.jpg"
"123812","5195",15,"015.jpg"
"123813","5195",16,"016.jpg"
"123814","5195",17,"017.jpg"
"123815","5195",18,"018.jpg"
"123816","5195",19,"019.jpg"
"123817","5195",20,"020.jpg"
"123818","5195",21,"021.jpg"
"123819","5195",22,"022.jpg"
"123820","5195",23,"023.jpg"
"123821","5195",24,"024.jpg"
"123822","5195",25,"025.jpg"
"123823","5195",26,"026.jpg"
"123824","5195",27,"027.jpg"
"123848","5197",1,"001.jpg"
"123849","5197",2,"002.jpg"
"123850","5197",3,"003.jpg"
"123851","5197",4,"004.jpg"
"123852","5197",5,"005.jpg"
"123853","5197",6,"006.jpg"
"123854","5197",7,"007.jpg"
"123855","5197",8,"008.jpg"
"123856","5197",9,"009.jpg"
"123857","5197",10,"010.jpg"
"123858","5197",11,"011.jpg"
"123859","5197",12,"012.jpg"
"123860","5197",13,"013.jpg"
"123861","5197",14,"014.jpg"
"123862","5197",15,"015.jpg"
"123863","5197",16,"016.jpg"
"123864","5197",17,"017.jpg"
"123865","5197",18,"018.jpg"
"123866","5197",19,"019.jpg"
"123867","5197",20,"020.jpg"
"123868","5197",21,"021.jpg"
"123869","5197",22,"022.jpg"
"123870","5197",23,"023.jpg"
"123871","5197",24,"024.jpg"
"123872","5197",25,"025.jpg"
"123873","5197",26,"026.jpg"
"123874","5197",27,"027.jpg"
"123875","5197",28,"028.jpg"
"123876","5197",29,"029.jpg"
"123877","5197",30,"030.jpg"
"123878","5197",31,"031.jpg"
"123879","5197",32,"032.jpg"
"123880","5197",33,"033.jpg"
"123881","5197",34,"034.jpg"
"123882","5197",35,"035.jpg"
"123883","5197",36,"036.jpg"
"123884","5197",37,"037.jpg"
